/Users/patel/Downloads/major_proj/capture_img/IMG/center_2025_01_11_07_24_16_342.jpg, /Users/patel/Downloads/major_proj/capture_img/IMG/left_2025_01_11_07_24_16_342.jpg, /Users/patel/Downloads/major_proj/capture_img/IMG/right_2025_01_11_07_24_16_342.jpg, 0, 0, 0, 7.831874E-05
/Users/patel/Downloads/major_proj/capture_img/IMG/center_2025_01_11_07_24_16_445.jpg, /Users/patel/Downloads/major_proj/capture_img/IMG/left_2025_01_11_07_24_16_445.jpg, /Users/patel/Downloads/major_proj/capture_img/IMG/right_2025_01_11_07_24_16_445.jpg, 0, 0, 0, 7.835859E-05
/Users/patel/Downloads/major_proj/capture_img/IMG/center_2025_01_11_07_24_16_548.jpg, /Users/patel/Downloads/major_proj/capture_img/IMG/left_2025_01_11_07_24_16_548.jpg, /Users/patel/Downloads/major_proj/capture_img/IMG/right_2025_01_11_07_24_16_548.jpg, 0, 0, 0, 7.810009E-05
/Users/patel/Downloads/major_proj/capture_img/IMG/center_2025_01_11_07_24_16_650.jpg, /Users/patel/Downloads/major_proj/capture_img/IMG/left_2025_01_11_07_24_16_650.jpg, /Users/patel/Downloads/major_proj/capture_img/IMG/right_2025_01_11_07_24_16_650.jpg, 0, 0, 0, 7.822293E-05
/Users/patel/Downloads/major_proj/capture_img/IMG/center_2025_01_11_07_24_16_753.jpg, /Users/patel/Downloads/major_proj/capture_img/IMG/left_2025_01_11_07_24_16_753.jpg, /Users/patel/Downloads/major_proj/capture_img/IMG/right_2025_01_11_07_24_16_753.jpg, 0, 0, 0, 7.995755E-05
/Users/patel/Downloads/major_proj/capture_img/IMG/center_2025_01_11_07_24_16_855.jpg, /Users/patel/Downloads/major_proj/capture_img/IMG/left_2025_01_11_07_24_16_855.jpg, /Users/patel/Downloads/major_proj/capture_img/IMG/right_2025_01_11_07_24_16_855.jpg, 0, 0, 0, 7.802789E-05
/Users/patel/Downloads/major_proj/capture_img/IMG/center_2025_01_11_07_24_16_959.jpg, /Users/patel/Downloads/major_proj/capture_img/IMG/left_2025_01_11_07_24_16_959.jpg, /Users/patel/Downloads/major_proj/capture_img/IMG/right_2025_01_11_07_24_16_959.jpg, 0, 0, 0, 7.828E-05
/Users/patel/Downloads/major_proj/capture_img/IMG/center_2025_01_11_07_24_17_061.jpg, /Users/patel/Downloads/major_proj/capture_img/IMG/left_2025_01_11_07_24_17_061.jpg, /Users/patel/Downloads/major_proj/capture_img/IMG/right_2025_01_11_07_24_17_061.jpg, 0, 0, 0, 7.921324E-05
/Users/patel/Downloads/major_proj/capture_img/IMG/center_2025_01_11_07_24_17_162.jpg, /Users/patel/Downloads/major_proj/capture_img/IMG/left_2025_01_11_07_24_17_162.jpg, /Users/patel/Downloads/major_proj/capture_img/IMG/right_2025_01_11_07_24_17_162.jpg, 0, 0, 0, 7.911763E-05
/Users/patel/Downloads/major_proj/capture_img/IMG/center_2025_01_11_07_24_17_264.jpg, /Users/patel/Downloads/major_proj/capture_img/IMG/left_2025_01_11_07_24_17_264.jpg, /Users/patel/Downloads/major_proj/capture_img/IMG/right_2025_01_11_07_24_17_264.jpg, 0, 0, 0, 7.986234E-05
/Users/patel/Downloads/major_proj/capture_img/IMG/center_2025_01_11_07_24_17_368.jpg, /Users/patel/Downloads/major_proj/capture_img/IMG/left_2025_01_11_07_24_17_368.jpg, /Users/patel/Downloads/major_proj/capture_img/IMG/right_2025_01_11_07_24_17_368.jpg, 0, 0, 0, 7.779301E-05
/Users/patel/Downloads/major_proj/capture_img/IMG/center_2025_01_11_07_24_17_468.jpg, /Users/patel/Downloads/major_proj/capture_img/IMG/left_2025_01_11_07_24_17_468.jpg, /Users/patel/Downloads/major_proj/capture_img/IMG/right_2025_01_11_07_24_17_468.jpg, 0, 0, 0, 7.801064E-05
/Users/patel/Downloads/major_proj/capture_img/IMG/center_2025_01_11_07_24_17_570.jpg, /Users/patel/Downloads/major_proj/capture_img/IMG/left_2025_01_11_07_24_17_570.jpg, /Users/patel/Downloads/major_proj/capture_img/IMG/right_2025_01_11_07_24_17_570.jpg, 0, 0, 0, 7.9575E-05
/Users/patel/Downloads/major_proj/capture_img/IMG/center_2025_01_11_07_24_17_671.jpg, /Users/patel/Downloads/major_proj/capture_img/IMG/left_2025_01_11_07_24_17_671.jpg, /Users/patel/Downloads/major_proj/capture_img/IMG/right_2025_01_11_07_24_17_671.jpg, 0, 0, 0, 7.813038E-05
/Users/patel/Downloads/major_proj/capture_img/IMG/center_2025_01_11_07_24_17_772.jpg, /Users/patel/Downloads/major_proj/capture_img/IMG/left_2025_01_11_07_24_17_772.jpg, /Users/patel/Downloads/major_proj/capture_img/IMG/right_2025_01_11_07_24_17_772.jpg, 0, 0, 0, 7.885077E-05
/Users/patel/Downloads/major_proj/capture_img/IMG/center_2025_01_11_07_24_17_872.jpg, /Users/patel/Downloads/major_proj/capture_img/IMG/left_2025_01_11_07_24_17_872.jpg, /Users/patel/Downloads/major_proj/capture_img/IMG/right_2025_01_11_07_24_17_872.jpg, 0, 0, 0, 7.820264E-05
/Users/patel/Downloads/major_proj/capture_img/IMG/center_2025_01_11_07_24_17_973.jpg, /Users/patel/Downloads/major_proj/capture_img/IMG/left_2025_01_11_07_24_17_973.jpg, /Users/patel/Downloads/major_proj/capture_img/IMG/right_2025_01_11_07_24_17_973.jpg, 0, 0, 0, 7.872029E-05
/Users/patel/Downloads/major_proj/capture_img/IMG/center_2025_01_11_07_24_18_073.jpg, /Users/patel/Downloads/major_proj/capture_img/IMG/left_2025_01_11_07_24_18_073.jpg, /Users/patel/Downloads/major_proj/capture_img/IMG/right_2025_01_11_07_24_18_073.jpg, 0, 0, 0, 7.988171E-05
/Users/patel/Downloads/major_proj/capture_img/IMG/center_2025_01_11_07_24_18_174.jpg, /Users/patel/Downloads/major_proj/capture_img/IMG/left_2025_01_11_07_24_18_174.jpg, /Users/patel/Downloads/major_proj/capture_img/IMG/right_2025_01_11_07_24_18_174.jpg, 0, 0, 0, 7.791287E-05
/Users/patel/Downloads/major_proj/capture_img/IMG/center_2025_01_11_07_24_18_276.jpg, /Users/patel/Downloads/major_proj/capture_img/IMG/left_2025_01_11_07_24_18_276.jpg, /Users/patel/Downloads/major_proj/capture_img/IMG/right_2025_01_11_07_24_18_276.jpg, 0, 0.1106969, 0, 0.04795161
/Users/patel/Downloads/major_proj/capture_img/IMG/center_2025_01_11_07_24_18_380.jpg, /Users/patel/Downloads/major_proj/capture_img/IMG/left_2025_01_11_07_24_18_380.jpg, /Users/patel/Downloads/major_proj/capture_img/IMG/right_2025_01_11_07_24_18_380.jpg, 0, 0.4749091, 0, 0.4935785
/Users/patel/Downloads/major_proj/capture_img/IMG/center_2025_01_11_07_24_18_483.jpg, /Users/patel/Downloads/major_proj/capture_img/IMG/left_2025_01_11_07_24_18_483.jpg, /Users/patel/Downloads/major_proj/capture_img/IMG/right_2025_01_11_07_24_18_483.jpg, 0, 0.774141, 0, 1.240179
/Users/patel/Downloads/major_proj/capture_img/IMG/center_2025_01_11_07_24_18_584.jpg, /Users/patel/Downloads/major_proj/capture_img/IMG/left_2025_01_11_07_24_18_584.jpg, /Users/patel/Downloads/major_proj/capture_img/IMG/right_2025_01_11_07_24_18_584.jpg, -0.1302059, 1, 0, 2.262247
/Users/patel/Downloads/major_proj/capture_img/IMG/center_2025_01_11_07_24_18_684.jpg, /Users/patel/Downloads/major_proj/capture_img/IMG/left_2025_01_11_07_24_18_684.jpg, /Users/patel/Downloads/major_proj/capture_img/IMG/right_2025_01_11_07_24_18_684.jpg, -0.430506, 1, 0, 3.368286
/Users/patel/Downloads/major_proj/capture_img/IMG/center_2025_01_11_07_24_18_784.jpg, /Users/patel/Downloads/major_proj/capture_img/IMG/left_2025_01_11_07_24_18_784.jpg, /Users/patel/Downloads/major_proj/capture_img/IMG/right_2025_01_11_07_24_18_784.jpg, -0.3489089, 1, 0, 4.526821
/Users/patel/Downloads/major_proj/capture_img/IMG/center_2025_01_11_07_24_18_887.jpg, /Users/patel/Downloads/major_proj/capture_img/IMG/left_2025_01_11_07_24_18_887.jpg, /Users/patel/Downloads/major_proj/capture_img/IMG/right_2025_01_11_07_24_18_887.jpg, -0.04002893, 1, 0, 5.687485
/Users/patel/Downloads/major_proj/capture_img/IMG/center_2025_01_11_07_24_18_990.jpg, /Users/patel/Downloads/major_proj/capture_img/IMG/left_2025_01_11_07_24_18_990.jpg, /Users/patel/Downloads/major_proj/capture_img/IMG/right_2025_01_11_07_24_18_990.jpg, 0, 1, 0, 6.834067
/Users/patel/Downloads/major_proj/capture_img/IMG/center_2025_01_11_07_24_19_094.jpg, /Users/patel/Downloads/major_proj/capture_img/IMG/left_2025_01_11_07_24_19_094.jpg, /Users/patel/Downloads/major_proj/capture_img/IMG/right_2025_01_11_07_24_19_094.jpg, 0, 1, 0, 7.972279
/Users/patel/Downloads/major_proj/capture_img/IMG/center_2025_01_11_07_24_19_198.jpg, /Users/patel/Downloads/major_proj/capture_img/IMG/left_2025_01_11_07_24_19_198.jpg, /Users/patel/Downloads/major_proj/capture_img/IMG/right_2025_01_11_07_24_19_198.jpg, -0.1208668, 1, 0, 9.320389
/Users/patel/Downloads/major_proj/capture_img/IMG/center_2025_01_11_07_24_19_300.jpg, /Users/patel/Downloads/major_proj/capture_img/IMG/left_2025_01_11_07_24_19_300.jpg, /Users/patel/Downloads/major_proj/capture_img/IMG/right_2025_01_11_07_24_19_300.jpg, -0.3054332, 1, 0, 10.39446
/Users/patel/Downloads/major_proj/capture_img/IMG/center_2025_01_11_07_24_19_403.jpg, /Users/patel/Downloads/major_proj/capture_img/IMG/left_2025_01_11_07_24_19_403.jpg, /Users/patel/Downloads/major_proj/capture_img/IMG/right_2025_01_11_07_24_19_403.jpg, -0.007287025, 1, 0, 11.59378
/Users/patel/Downloads/major_proj/capture_img/IMG/center_2025_01_11_07_24_19_504.jpg, /Users/patel/Downloads/major_proj/capture_img/IMG/left_2025_01_11_07_24_19_504.jpg, /Users/patel/Downloads/major_proj/capture_img/IMG/right_2025_01_11_07_24_19_504.jpg, -0.1374028, 1, 0, 12.49451
/Users/patel/Downloads/major_proj/capture_img/IMG/center_2025_01_11_07_24_19_608.jpg, /Users/patel/Downloads/major_proj/capture_img/IMG/left_2025_01_11_07_24_19_608.jpg, /Users/patel/Downloads/major_proj/capture_img/IMG/right_2025_01_11_07_24_19_608.jpg, 0, 1, 0, 13.75377
/Users/patel/Downloads/major_proj/capture_img/IMG/center_2025_01_11_07_24_19_708.jpg, /Users/patel/Downloads/major_proj/capture_img/IMG/left_2025_01_11_07_24_19_708.jpg, /Users/patel/Downloads/major_proj/capture_img/IMG/right_2025_01_11_07_24_19_708.jpg, -0.1688519, 1, 0, 14.75823
/Users/patel/Downloads/major_proj/capture_img/IMG/center_2025_01_11_07_24_19_812.jpg, /Users/patel/Downloads/major_proj/capture_img/IMG/left_2025_01_11_07_24_19_812.jpg, /Users/patel/Downloads/major_proj/capture_img/IMG/right_2025_01_11_07_24_19_812.jpg, 0, 1, 0, 15.6917
/Users/patel/Downloads/major_proj/capture_img/IMG/center_2025_01_11_07_24_19_915.jpg, /Users/patel/Downloads/major_proj/capture_img/IMG/left_2025_01_11_07_24_19_915.jpg, /Users/patel/Downloads/major_proj/capture_img/IMG/right_2025_01_11_07_24_19_915.jpg, -0.06115508, 1, 0, 16.89471
/Users/patel/Downloads/major_proj/capture_img/IMG/center_2025_01_11_07_24_20_017.jpg, /Users/patel/Downloads/major_proj/capture_img/IMG/left_2025_01_11_07_24_20_017.jpg, /Users/patel/Downloads/major_proj/capture_img/IMG/right_2025_01_11_07_24_20_017.jpg, -0.09382796, 1, 0, 18.1474
/Users/patel/Downloads/major_proj/capture_img/IMG/center_2025_01_11_07_24_20_143.jpg, /Users/patel/Downloads/major_proj/capture_img/IMG/left_2025_01_11_07_24_20_143.jpg, /Users/patel/Downloads/major_proj/capture_img/IMG/right_2025_01_11_07_24_20_143.jpg, -0.1329331, 1, 0, 19.36186
/Users/patel/Downloads/major_proj/capture_img/IMG/center_2025_01_11_07_24_20_243.jpg, /Users/patel/Downloads/major_proj/capture_img/IMG/left_2025_01_11_07_24_20_243.jpg, /Users/patel/Downloads/major_proj/capture_img/IMG/right_2025_01_11_07_24_20_243.jpg, -0.414672, 1, 0, 20.16232
/Users/patel/Downloads/major_proj/capture_img/IMG/center_2025_01_11_07_24_20_345.jpg, /Users/patel/Downloads/major_proj/capture_img/IMG/left_2025_01_11_07_24_20_345.jpg, /Users/patel/Downloads/major_proj/capture_img/IMG/right_2025_01_11_07_24_20_345.jpg, -0.7182029, 1, 0, 21.03763
/Users/patel/Downloads/major_proj/capture_img/IMG/center_2025_01_11_07_24_20_446.jpg, /Users/patel/Downloads/major_proj/capture_img/IMG/left_2025_01_11_07_24_20_446.jpg, /Users/patel/Downloads/major_proj/capture_img/IMG/right_2025_01_11_07_24_20_446.jpg, -0.5385929, 1, 0, 21.85734
/Users/patel/Downloads/major_proj/capture_img/IMG/center_2025_01_11_07_24_20_546.jpg, /Users/patel/Downloads/major_proj/capture_img/IMG/left_2025_01_11_07_24_20_546.jpg, /Users/patel/Downloads/major_proj/capture_img/IMG/right_2025_01_11_07_24_20_546.jpg, -0.5313746, 1, 0, 22.8962
/Users/patel/Downloads/major_proj/capture_img/IMG/center_2025_01_11_07_24_20_650.jpg, /Users/patel/Downloads/major_proj/capture_img/IMG/left_2025_01_11_07_24_20_650.jpg, /Users/patel/Downloads/major_proj/capture_img/IMG/right_2025_01_11_07_24_20_650.jpg, -0.2880328, 1, 0, 23.86378
/Users/patel/Downloads/major_proj/capture_img/IMG/center_2025_01_11_07_24_20_752.jpg, /Users/patel/Downloads/major_proj/capture_img/IMG/left_2025_01_11_07_24_20_752.jpg, /Users/patel/Downloads/major_proj/capture_img/IMG/right_2025_01_11_07_24_20_752.jpg, 0, 1, 0, 24.83895
/Users/patel/Downloads/major_proj/capture_img/IMG/center_2025_01_11_07_24_20_855.jpg, /Users/patel/Downloads/major_proj/capture_img/IMG/left_2025_01_11_07_24_20_855.jpg, /Users/patel/Downloads/major_proj/capture_img/IMG/right_2025_01_11_07_24_20_855.jpg, 0, 1, 0, 25.7794
/Users/patel/Downloads/major_proj/capture_img/IMG/center_2025_01_11_07_24_20_960.jpg, /Users/patel/Downloads/major_proj/capture_img/IMG/left_2025_01_11_07_24_20_960.jpg, /Users/patel/Downloads/major_proj/capture_img/IMG/right_2025_01_11_07_24_20_960.jpg, 0, 1, 0, 26.91571
/Users/patel/Downloads/major_proj/capture_img/IMG/center_2025_01_11_07_24_21_061.jpg, /Users/patel/Downloads/major_proj/capture_img/IMG/left_2025_01_11_07_24_21_061.jpg, /Users/patel/Downloads/major_proj/capture_img/IMG/right_2025_01_11_07_24_21_061.jpg, 0, 1, 0, 27.85329
/Users/patel/Downloads/major_proj/capture_img/IMG/center_2025_01_11_07_24_21_164.jpg, /Users/patel/Downloads/major_proj/capture_img/IMG/left_2025_01_11_07_24_21_164.jpg, /Users/patel/Downloads/major_proj/capture_img/IMG/right_2025_01_11_07_24_21_164.jpg, 0, 1, 0, 28.78149
/Users/patel/Downloads/major_proj/capture_img/IMG/center_2025_01_11_07_24_21_267.jpg, /Users/patel/Downloads/major_proj/capture_img/IMG/left_2025_01_11_07_24_21_267.jpg, /Users/patel/Downloads/major_proj/capture_img/IMG/right_2025_01_11_07_24_21_267.jpg, -0.2166302, 1, 0, 29.6792
/Users/patel/Downloads/major_proj/capture_img/IMG/center_2025_01_11_07_24_21_367.jpg, /Users/patel/Downloads/major_proj/capture_img/IMG/left_2025_01_11_07_24_21_367.jpg, /Users/patel/Downloads/major_proj/capture_img/IMG/right_2025_01_11_07_24_21_367.jpg, -0.05269182, 1, 0, 30.1903
/Users/patel/Downloads/major_proj/capture_img/IMG/center_2025_01_11_07_24_21_468.jpg, /Users/patel/Downloads/major_proj/capture_img/IMG/left_2025_01_11_07_24_21_468.jpg, /Users/patel/Downloads/major_proj/capture_img/IMG/right_2025_01_11_07_24_21_468.jpg, 0, 1, 0, 30.19002
/Users/patel/Downloads/major_proj/capture_img/IMG/center_2025_01_11_07_24_21_569.jpg, /Users/patel/Downloads/major_proj/capture_img/IMG/left_2025_01_11_07_24_21_569.jpg, /Users/patel/Downloads/major_proj/capture_img/IMG/right_2025_01_11_07_24_21_569.jpg, 0, 1, 0, 30.19051
/Users/patel/Downloads/major_proj/capture_img/IMG/center_2025_01_11_07_24_21_674.jpg, /Users/patel/Downloads/major_proj/capture_img/IMG/left_2025_01_11_07_24_21_674.jpg, /Users/patel/Downloads/major_proj/capture_img/IMG/right_2025_01_11_07_24_21_674.jpg, 0, 1, 0, 30.19022
/Users/patel/Downloads/major_proj/capture_img/IMG/center_2025_01_11_07_24_21_777.jpg, /Users/patel/Downloads/major_proj/capture_img/IMG/left_2025_01_11_07_24_21_777.jpg, /Users/patel/Downloads/major_proj/capture_img/IMG/right_2025_01_11_07_24_21_777.jpg, 0, 1, 0, 30.19001
/Users/patel/Downloads/major_proj/capture_img/IMG/center_2025_01_11_07_24_21_880.jpg, /Users/patel/Downloads/major_proj/capture_img/IMG/left_2025_01_11_07_24_21_880.jpg, /Users/patel/Downloads/major_proj/capture_img/IMG/right_2025_01_11_07_24_21_880.jpg, -0.08969986, 1, 0, 30.18867
/Users/patel/Downloads/major_proj/capture_img/IMG/center_2025_01_11_07_24_21_981.jpg, /Users/patel/Downloads/major_proj/capture_img/IMG/left_2025_01_11_07_24_21_981.jpg, /Users/patel/Downloads/major_proj/capture_img/IMG/right_2025_01_11_07_24_21_981.jpg, 0, 1, 0, 30.19023
/Users/patel/Downloads/major_proj/capture_img/IMG/center_2025_01_11_07_24_22_084.jpg, /Users/patel/Downloads/major_proj/capture_img/IMG/left_2025_01_11_07_24_22_084.jpg, /Users/patel/Downloads/major_proj/capture_img/IMG/right_2025_01_11_07_24_22_084.jpg, -0.101763, 1, 0, 30.18836
/Users/patel/Downloads/major_proj/capture_img/IMG/center_2025_01_11_07_24_22_189.jpg, /Users/patel/Downloads/major_proj/capture_img/IMG/left_2025_01_11_07_24_22_189.jpg, /Users/patel/Downloads/major_proj/capture_img/IMG/right_2025_01_11_07_24_22_189.jpg, -0.07424998, 1, 0, 30.18987
/Users/patel/Downloads/major_proj/capture_img/IMG/center_2025_01_11_07_24_22_291.jpg, /Users/patel/Downloads/major_proj/capture_img/IMG/left_2025_01_11_07_24_22_291.jpg, /Users/patel/Downloads/major_proj/capture_img/IMG/right_2025_01_11_07_24_22_291.jpg, -0.1261468, 1, 0, 30.18951
/Users/patel/Downloads/major_proj/capture_img/IMG/center_2025_01_11_07_24_22_394.jpg, /Users/patel/Downloads/major_proj/capture_img/IMG/left_2025_01_11_07_24_22_394.jpg, /Users/patel/Downloads/major_proj/capture_img/IMG/right_2025_01_11_07_24_22_394.jpg, -0.08969413, 1, 0, 30.18993
/Users/patel/Downloads/major_proj/capture_img/IMG/center_2025_01_11_07_24_22_496.jpg, /Users/patel/Downloads/major_proj/capture_img/IMG/left_2025_01_11_07_24_22_496.jpg, /Users/patel/Downloads/major_proj/capture_img/IMG/right_2025_01_11_07_24_22_496.jpg, 0, 1, 0, 30.1902
/Users/patel/Downloads/major_proj/capture_img/IMG/center_2025_01_11_07_24_22_601.jpg, /Users/patel/Downloads/major_proj/capture_img/IMG/left_2025_01_11_07_24_22_601.jpg, /Users/patel/Downloads/major_proj/capture_img/IMG/right_2025_01_11_07_24_22_601.jpg, -0.09955788, 1, 0, 30.18832
/Users/patel/Downloads/major_proj/capture_img/IMG/center_2025_01_11_07_24_22_703.jpg, /Users/patel/Downloads/major_proj/capture_img/IMG/left_2025_01_11_07_24_22_703.jpg, /Users/patel/Downloads/major_proj/capture_img/IMG/right_2025_01_11_07_24_22_703.jpg, -0.1061461, 1, 0, 30.18898
/Users/patel/Downloads/major_proj/capture_img/IMG/center_2025_01_11_07_24_22_807.jpg, /Users/patel/Downloads/major_proj/capture_img/IMG/left_2025_01_11_07_24_22_807.jpg, /Users/patel/Downloads/major_proj/capture_img/IMG/right_2025_01_11_07_24_22_807.jpg, -0.4040068, 1, 0, 30.15741
/Users/patel/Downloads/major_proj/capture_img/IMG/center_2025_01_11_07_24_22_908.jpg, /Users/patel/Downloads/major_proj/capture_img/IMG/left_2025_01_11_07_24_22_908.jpg, /Users/patel/Downloads/major_proj/capture_img/IMG/right_2025_01_11_07_24_22_908.jpg, -0.6060029, 1, 0, 30.13491
/Users/patel/Downloads/major_proj/capture_img/IMG/center_2025_01_11_07_24_23_008.jpg, /Users/patel/Downloads/major_proj/capture_img/IMG/left_2025_01_11_07_24_23_008.jpg, /Users/patel/Downloads/major_proj/capture_img/IMG/right_2025_01_11_07_24_23_008.jpg, -0.3027867, 1, 0, 30.19389
/Users/patel/Downloads/major_proj/capture_img/IMG/center_2025_01_11_07_24_23_110.jpg, /Users/patel/Downloads/major_proj/capture_img/IMG/left_2025_01_11_07_24_23_110.jpg, /Users/patel/Downloads/major_proj/capture_img/IMG/right_2025_01_11_07_24_23_110.jpg, 0, 1, 0, 30.18491
/Users/patel/Downloads/major_proj/capture_img/IMG/center_2025_01_11_07_24_23_213.jpg, /Users/patel/Downloads/major_proj/capture_img/IMG/left_2025_01_11_07_24_23_213.jpg, /Users/patel/Downloads/major_proj/capture_img/IMG/right_2025_01_11_07_24_23_213.jpg, 0, 1, 0, 30.18948
/Users/patel/Downloads/major_proj/capture_img/IMG/center_2025_01_11_07_24_23_314.jpg, /Users/patel/Downloads/major_proj/capture_img/IMG/left_2025_01_11_07_24_23_314.jpg, /Users/patel/Downloads/major_proj/capture_img/IMG/right_2025_01_11_07_24_23_314.jpg, 0, 1, 0, 30.19028
/Users/patel/Downloads/major_proj/capture_img/IMG/center_2025_01_11_07_24_23_418.jpg, /Users/patel/Downloads/major_proj/capture_img/IMG/left_2025_01_11_07_24_23_418.jpg, /Users/patel/Downloads/major_proj/capture_img/IMG/right_2025_01_11_07_24_23_418.jpg, 0, 1, 0, 30.19028
/Users/patel/Downloads/major_proj/capture_img/IMG/center_2025_01_11_07_24_23_520.jpg, /Users/patel/Downloads/major_proj/capture_img/IMG/left_2025_01_11_07_24_23_520.jpg, /Users/patel/Downloads/major_proj/capture_img/IMG/right_2025_01_11_07_24_23_520.jpg, 0, 1, 0, 30.19031
/Users/patel/Downloads/major_proj/capture_img/IMG/center_2025_01_11_07_24_23_622.jpg, /Users/patel/Downloads/major_proj/capture_img/IMG/left_2025_01_11_07_24_23_622.jpg, /Users/patel/Downloads/major_proj/capture_img/IMG/right_2025_01_11_07_24_23_622.jpg, 0, 1, 0, 30.18954
/Users/patel/Downloads/major_proj/capture_img/IMG/center_2025_01_11_07_24_23_726.jpg, /Users/patel/Downloads/major_proj/capture_img/IMG/left_2025_01_11_07_24_23_726.jpg, /Users/patel/Downloads/major_proj/capture_img/IMG/right_2025_01_11_07_24_23_726.jpg, 0, 1, 0, 30.19032
/Users/patel/Downloads/major_proj/capture_img/IMG/center_2025_01_11_07_24_23_827.jpg, /Users/patel/Downloads/major_proj/capture_img/IMG/left_2025_01_11_07_24_23_827.jpg, /Users/patel/Downloads/major_proj/capture_img/IMG/right_2025_01_11_07_24_23_827.jpg, 0, 1, 0, 30.19026
/Users/patel/Downloads/major_proj/capture_img/IMG/center_2025_01_11_07_24_23_928.jpg, /Users/patel/Downloads/major_proj/capture_img/IMG/left_2025_01_11_07_24_23_928.jpg, /Users/patel/Downloads/major_proj/capture_img/IMG/right_2025_01_11_07_24_23_928.jpg, 0, 1, 0, 30.19035
/Users/patel/Downloads/major_proj/capture_img/IMG/center_2025_01_11_07_24_24_034.jpg, /Users/patel/Downloads/major_proj/capture_img/IMG/left_2025_01_11_07_24_24_034.jpg, /Users/patel/Downloads/major_proj/capture_img/IMG/right_2025_01_11_07_24_24_034.jpg, 0, 1, 0, 30.19029
/Users/patel/Downloads/major_proj/capture_img/IMG/center_2025_01_11_07_24_24_139.jpg, /Users/patel/Downloads/major_proj/capture_img/IMG/left_2025_01_11_07_24_24_139.jpg, /Users/patel/Downloads/major_proj/capture_img/IMG/right_2025_01_11_07_24_24_139.jpg, -0.2214332, 1, 0, 30.17697
/Users/patel/Downloads/major_proj/capture_img/IMG/center_2025_01_11_07_24_24_243.jpg, /Users/patel/Downloads/major_proj/capture_img/IMG/left_2025_01_11_07_24_24_243.jpg, /Users/patel/Downloads/major_proj/capture_img/IMG/right_2025_01_11_07_24_24_243.jpg, -0.2099791, 1, 0, 30.18691
/Users/patel/Downloads/major_proj/capture_img/IMG/center_2025_01_11_07_24_24_345.jpg, /Users/patel/Downloads/major_proj/capture_img/IMG/left_2025_01_11_07_24_24_345.jpg, /Users/patel/Downloads/major_proj/capture_img/IMG/right_2025_01_11_07_24_24_345.jpg, 0, 1, 0, 30.18875
/Users/patel/Downloads/major_proj/capture_img/IMG/center_2025_01_11_07_24_24_448.jpg, /Users/patel/Downloads/major_proj/capture_img/IMG/left_2025_01_11_07_24_24_448.jpg, /Users/patel/Downloads/major_proj/capture_img/IMG/right_2025_01_11_07_24_24_448.jpg, 0, 1, 0, 30.18969
/Users/patel/Downloads/major_proj/capture_img/IMG/center_2025_01_11_07_24_24_553.jpg, /Users/patel/Downloads/major_proj/capture_img/IMG/left_2025_01_11_07_24_24_553.jpg, /Users/patel/Downloads/major_proj/capture_img/IMG/right_2025_01_11_07_24_24_553.jpg, 0, 1, 0, 30.19046
/Users/patel/Downloads/major_proj/capture_img/IMG/center_2025_01_11_07_24_24_657.jpg, /Users/patel/Downloads/major_proj/capture_img/IMG/left_2025_01_11_07_24_24_657.jpg, /Users/patel/Downloads/major_proj/capture_img/IMG/right_2025_01_11_07_24_24_657.jpg, 0, 1, 0, 30.18996
/Users/patel/Downloads/major_proj/capture_img/IMG/center_2025_01_11_07_24_24_760.jpg, /Users/patel/Downloads/major_proj/capture_img/IMG/left_2025_01_11_07_24_24_760.jpg, /Users/patel/Downloads/major_proj/capture_img/IMG/right_2025_01_11_07_24_24_760.jpg, 0, 1, 0, 30.19077
/Users/patel/Downloads/major_proj/capture_img/IMG/center_2025_01_11_07_24_24_862.jpg, /Users/patel/Downloads/major_proj/capture_img/IMG/left_2025_01_11_07_24_24_862.jpg, /Users/patel/Downloads/major_proj/capture_img/IMG/right_2025_01_11_07_24_24_862.jpg, 0, 1, 0, 30.1904
/Users/patel/Downloads/major_proj/capture_img/IMG/center_2025_01_11_07_24_24_965.jpg, /Users/patel/Downloads/major_proj/capture_img/IMG/left_2025_01_11_07_24_24_965.jpg, /Users/patel/Downloads/major_proj/capture_img/IMG/right_2025_01_11_07_24_24_965.jpg, 0, 1, 0, 30.19033
/Users/patel/Downloads/major_proj/capture_img/IMG/center_2025_01_11_07_24_25_068.jpg, /Users/patel/Downloads/major_proj/capture_img/IMG/left_2025_01_11_07_24_25_068.jpg, /Users/patel/Downloads/major_proj/capture_img/IMG/right_2025_01_11_07_24_25_068.jpg, 0, 1, 0, 30.19036
/Users/patel/Downloads/major_proj/capture_img/IMG/center_2025_01_11_07_24_25_171.jpg, /Users/patel/Downloads/major_proj/capture_img/IMG/left_2025_01_11_07_24_25_171.jpg, /Users/patel/Downloads/major_proj/capture_img/IMG/right_2025_01_11_07_24_25_171.jpg, 0, 1, 0, 30.19033
/Users/patel/Downloads/major_proj/capture_img/IMG/center_2025_01_11_07_24_25_272.jpg, /Users/patel/Downloads/major_proj/capture_img/IMG/left_2025_01_11_07_24_25_272.jpg, /Users/patel/Downloads/major_proj/capture_img/IMG/right_2025_01_11_07_24_25_272.jpg, 0, 1, 0, 30.19033
/Users/patel/Downloads/major_proj/capture_img/IMG/center_2025_01_11_07_24_25_373.jpg, /Users/patel/Downloads/major_proj/capture_img/IMG/left_2025_01_11_07_24_25_373.jpg, /Users/patel/Downloads/major_proj/capture_img/IMG/right_2025_01_11_07_24_25_373.jpg, 0, 1, 0, 30.19038
/Users/patel/Downloads/major_proj/capture_img/IMG/center_2025_01_11_07_24_25_478.jpg, /Users/patel/Downloads/major_proj/capture_img/IMG/left_2025_01_11_07_24_25_478.jpg, /Users/patel/Downloads/major_proj/capture_img/IMG/right_2025_01_11_07_24_25_478.jpg, -0.06038117, 1, 0, 30.18937
/Users/patel/Downloads/major_proj/capture_img/IMG/center_2025_01_11_07_24_25_582.jpg, /Users/patel/Downloads/major_proj/capture_img/IMG/left_2025_01_11_07_24_25_582.jpg, /Users/patel/Downloads/major_proj/capture_img/IMG/right_2025_01_11_07_24_25_582.jpg, -0.3594121, 1, 0, 30.15994
/Users/patel/Downloads/major_proj/capture_img/IMG/center_2025_01_11_07_24_25_685.jpg, /Users/patel/Downloads/major_proj/capture_img/IMG/left_2025_01_11_07_24_25_685.jpg, /Users/patel/Downloads/major_proj/capture_img/IMG/right_2025_01_11_07_24_25_685.jpg, -0.08884549, 1, 0, 30.19128
/Users/patel/Downloads/major_proj/capture_img/IMG/center_2025_01_11_07_24_25_786.jpg, /Users/patel/Downloads/major_proj/capture_img/IMG/left_2025_01_11_07_24_25_786.jpg, /Users/patel/Downloads/major_proj/capture_img/IMG/right_2025_01_11_07_24_25_786.jpg, 0, 1, 0, 30.18959
/Users/patel/Downloads/major_proj/capture_img/IMG/center_2025_01_11_07_24_25_891.jpg, /Users/patel/Downloads/major_proj/capture_img/IMG/left_2025_01_11_07_24_25_891.jpg, /Users/patel/Downloads/major_proj/capture_img/IMG/right_2025_01_11_07_24_25_891.jpg, 0, 1, 0, 30.19022
/Users/patel/Downloads/major_proj/capture_img/IMG/center_2025_01_11_07_24_25_995.jpg, /Users/patel/Downloads/major_proj/capture_img/IMG/left_2025_01_11_07_24_25_995.jpg, /Users/patel/Downloads/major_proj/capture_img/IMG/right_2025_01_11_07_24_25_995.jpg, 0, 1, 0, 30.19028
/Users/patel/Downloads/major_proj/capture_img/IMG/center_2025_01_11_07_24_26_096.jpg, /Users/patel/Downloads/major_proj/capture_img/IMG/left_2025_01_11_07_24_26_096.jpg, /Users/patel/Downloads/major_proj/capture_img/IMG/right_2025_01_11_07_24_26_096.jpg, -0.1655699, 1, 0, 30.1833
/Users/patel/Downloads/major_proj/capture_img/IMG/center_2025_01_11_07_24_26_196.jpg, /Users/patel/Downloads/major_proj/capture_img/IMG/left_2025_01_11_07_24_26_196.jpg, /Users/patel/Downloads/major_proj/capture_img/IMG/right_2025_01_11_07_24_26_196.jpg, -0.3527191, 1, 0, 30.17135
/Users/patel/Downloads/major_proj/capture_img/IMG/center_2025_01_11_07_24_26_299.jpg, /Users/patel/Downloads/major_proj/capture_img/IMG/left_2025_01_11_07_24_26_299.jpg, /Users/patel/Downloads/major_proj/capture_img/IMG/right_2025_01_11_07_24_26_299.jpg, -0.0452131, 1, 0, 30.19016
/Users/patel/Downloads/major_proj/capture_img/IMG/center_2025_01_11_07_24_26_401.jpg, /Users/patel/Downloads/major_proj/capture_img/IMG/left_2025_01_11_07_24_26_401.jpg, /Users/patel/Downloads/major_proj/capture_img/IMG/right_2025_01_11_07_24_26_401.jpg, 0, 1, 0, 30.18955
/Users/patel/Downloads/major_proj/capture_img/IMG/center_2025_01_11_07_24_26_503.jpg, /Users/patel/Downloads/major_proj/capture_img/IMG/left_2025_01_11_07_24_26_503.jpg, /Users/patel/Downloads/major_proj/capture_img/IMG/right_2025_01_11_07_24_26_503.jpg, -0.1234349, 1, 0, 30.18917
/Users/patel/Downloads/major_proj/capture_img/IMG/center_2025_01_11_07_24_26_607.jpg, /Users/patel/Downloads/major_proj/capture_img/IMG/left_2025_01_11_07_24_26_607.jpg, /Users/patel/Downloads/major_proj/capture_img/IMG/right_2025_01_11_07_24_26_607.jpg, 0, 1, 0, 30.1901
/Users/patel/Downloads/major_proj/capture_img/IMG/center_2025_01_11_07_24_26_710.jpg, /Users/patel/Downloads/major_proj/capture_img/IMG/left_2025_01_11_07_24_26_710.jpg, /Users/patel/Downloads/major_proj/capture_img/IMG/right_2025_01_11_07_24_26_710.jpg, -0.01137328, 1, 0, 30.19066
/Users/patel/Downloads/major_proj/capture_img/IMG/center_2025_01_11_07_24_26_815.jpg, /Users/patel/Downloads/major_proj/capture_img/IMG/left_2025_01_11_07_24_26_815.jpg, /Users/patel/Downloads/major_proj/capture_img/IMG/right_2025_01_11_07_24_26_815.jpg, 0, 1, 0, 30.19025
/Users/patel/Downloads/major_proj/capture_img/IMG/center_2025_01_11_07_24_26_919.jpg, /Users/patel/Downloads/major_proj/capture_img/IMG/left_2025_01_11_07_24_26_919.jpg, /Users/patel/Downloads/major_proj/capture_img/IMG/right_2025_01_11_07_24_26_919.jpg, 0, 1, 0, 30.19031
/Users/patel/Downloads/major_proj/capture_img/IMG/center_2025_01_11_07_24_27_023.jpg, /Users/patel/Downloads/major_proj/capture_img/IMG/left_2025_01_11_07_24_27_023.jpg, /Users/patel/Downloads/major_proj/capture_img/IMG/right_2025_01_11_07_24_27_023.jpg, 0, 1, 0, 30.19028
/Users/patel/Downloads/major_proj/capture_img/IMG/center_2025_01_11_07_24_27_123.jpg, /Users/patel/Downloads/major_proj/capture_img/IMG/left_2025_01_11_07_24_27_123.jpg, /Users/patel/Downloads/major_proj/capture_img/IMG/right_2025_01_11_07_24_27_123.jpg, -0.1939888, 1, 0, 30.17994
/Users/patel/Downloads/major_proj/capture_img/IMG/center_2025_01_11_07_24_27_223.jpg, /Users/patel/Downloads/major_proj/capture_img/IMG/left_2025_01_11_07_24_27_223.jpg, /Users/patel/Downloads/major_proj/capture_img/IMG/right_2025_01_11_07_24_27_223.jpg, 0, 1, 0, 30.18995
/Users/patel/Downloads/major_proj/capture_img/IMG/center_2025_01_11_07_24_27_324.jpg, /Users/patel/Downloads/major_proj/capture_img/IMG/left_2025_01_11_07_24_27_324.jpg, /Users/patel/Downloads/major_proj/capture_img/IMG/right_2025_01_11_07_24_27_324.jpg, -0.02941775, 1, 0, 30.19104
/Users/patel/Downloads/major_proj/capture_img/IMG/center_2025_01_11_07_24_27_428.jpg, /Users/patel/Downloads/major_proj/capture_img/IMG/left_2025_01_11_07_24_27_428.jpg, /Users/patel/Downloads/major_proj/capture_img/IMG/right_2025_01_11_07_24_27_428.jpg, -0.05029821, 1, 0, 30.19007
/Users/patel/Downloads/major_proj/capture_img/IMG/center_2025_01_11_07_24_27_531.jpg, /Users/patel/Downloads/major_proj/capture_img/IMG/left_2025_01_11_07_24_27_531.jpg, /Users/patel/Downloads/major_proj/capture_img/IMG/right_2025_01_11_07_24_27_531.jpg, 0, 1, 0, 30.19006
/Users/patel/Downloads/major_proj/capture_img/IMG/center_2025_01_11_07_24_27_634.jpg, /Users/patel/Downloads/major_proj/capture_img/IMG/left_2025_01_11_07_24_27_634.jpg, /Users/patel/Downloads/major_proj/capture_img/IMG/right_2025_01_11_07_24_27_634.jpg, -0.04377294, 1, 0, 30.19005
/Users/patel/Downloads/major_proj/capture_img/IMG/center_2025_01_11_07_24_27_735.jpg, /Users/patel/Downloads/major_proj/capture_img/IMG/left_2025_01_11_07_24_27_735.jpg, /Users/patel/Downloads/major_proj/capture_img/IMG/right_2025_01_11_07_24_27_735.jpg, -0.1171803, 1, 0, 30.18943
/Users/patel/Downloads/major_proj/capture_img/IMG/center_2025_01_11_07_24_27_838.jpg, /Users/patel/Downloads/major_proj/capture_img/IMG/left_2025_01_11_07_24_27_838.jpg, /Users/patel/Downloads/major_proj/capture_img/IMG/right_2025_01_11_07_24_27_838.jpg, -0.1122061, 1, 0, 30.18891
/Users/patel/Downloads/major_proj/capture_img/IMG/center_2025_01_11_07_24_27_939.jpg, /Users/patel/Downloads/major_proj/capture_img/IMG/left_2025_01_11_07_24_27_939.jpg, /Users/patel/Downloads/major_proj/capture_img/IMG/right_2025_01_11_07_24_27_939.jpg, 0, 1, 0, 30.19006
/Users/patel/Downloads/major_proj/capture_img/IMG/center_2025_01_11_07_24_28_041.jpg, /Users/patel/Downloads/major_proj/capture_img/IMG/left_2025_01_11_07_24_28_041.jpg, /Users/patel/Downloads/major_proj/capture_img/IMG/right_2025_01_11_07_24_28_041.jpg, 0, 1, 0, 30.19022
/Users/patel/Downloads/major_proj/capture_img/IMG/center_2025_01_11_07_24_28_145.jpg, /Users/patel/Downloads/major_proj/capture_img/IMG/left_2025_01_11_07_24_28_145.jpg, /Users/patel/Downloads/major_proj/capture_img/IMG/right_2025_01_11_07_24_28_145.jpg, 0, 1, 0, 30.19029
/Users/patel/Downloads/major_proj/capture_img/IMG/center_2025_01_11_07_24_28_245.jpg, /Users/patel/Downloads/major_proj/capture_img/IMG/left_2025_01_11_07_24_28_245.jpg, /Users/patel/Downloads/major_proj/capture_img/IMG/right_2025_01_11_07_24_28_245.jpg, -0.1242421, 1, 0, 30.18655
/Users/patel/Downloads/major_proj/capture_img/IMG/center_2025_01_11_07_24_28_350.jpg, /Users/patel/Downloads/major_proj/capture_img/IMG/left_2025_01_11_07_24_28_350.jpg, /Users/patel/Downloads/major_proj/capture_img/IMG/right_2025_01_11_07_24_28_350.jpg, -0.2013395, 1, 0, 30.18588
/Users/patel/Downloads/major_proj/capture_img/IMG/center_2025_01_11_07_24_28_451.jpg, /Users/patel/Downloads/major_proj/capture_img/IMG/left_2025_01_11_07_24_28_451.jpg, /Users/patel/Downloads/major_proj/capture_img/IMG/right_2025_01_11_07_24_28_451.jpg, -0.04920316, 1, 0, 30.18998
/Users/patel/Downloads/major_proj/capture_img/IMG/center_2025_01_11_07_24_28_554.jpg, /Users/patel/Downloads/major_proj/capture_img/IMG/left_2025_01_11_07_24_28_554.jpg, /Users/patel/Downloads/major_proj/capture_img/IMG/right_2025_01_11_07_24_28_554.jpg, -0.03835845, 1, 0, 30.19085
/Users/patel/Downloads/major_proj/capture_img/IMG/center_2025_01_11_07_24_28_658.jpg, /Users/patel/Downloads/major_proj/capture_img/IMG/left_2025_01_11_07_24_28_658.jpg, /Users/patel/Downloads/major_proj/capture_img/IMG/right_2025_01_11_07_24_28_658.jpg, -0.1379099, 1, 0, 30.18754
/Users/patel/Downloads/major_proj/capture_img/IMG/center_2025_01_11_07_24_28_760.jpg, /Users/patel/Downloads/major_proj/capture_img/IMG/left_2025_01_11_07_24_28_760.jpg, /Users/patel/Downloads/major_proj/capture_img/IMG/right_2025_01_11_07_24_28_760.jpg, 0, 1, 0, 30.19016
/Users/patel/Downloads/major_proj/capture_img/IMG/center_2025_01_11_07_24_28_862.jpg, /Users/patel/Downloads/major_proj/capture_img/IMG/left_2025_01_11_07_24_28_862.jpg, /Users/patel/Downloads/major_proj/capture_img/IMG/right_2025_01_11_07_24_28_862.jpg, 0, 1, 0, 30.19028
/Users/patel/Downloads/major_proj/capture_img/IMG/center_2025_01_11_07_24_28_965.jpg, /Users/patel/Downloads/major_proj/capture_img/IMG/left_2025_01_11_07_24_28_965.jpg, /Users/patel/Downloads/major_proj/capture_img/IMG/right_2025_01_11_07_24_28_965.jpg, 0, 1, 0, 30.19033
/Users/patel/Downloads/major_proj/capture_img/IMG/center_2025_01_11_07_24_29_068.jpg, /Users/patel/Downloads/major_proj/capture_img/IMG/left_2025_01_11_07_24_29_068.jpg, /Users/patel/Downloads/major_proj/capture_img/IMG/right_2025_01_11_07_24_29_068.jpg, 0, 1, 0, 30.19031
/Users/patel/Downloads/major_proj/capture_img/IMG/center_2025_01_11_07_24_29_172.jpg, /Users/patel/Downloads/major_proj/capture_img/IMG/left_2025_01_11_07_24_29_172.jpg, /Users/patel/Downloads/major_proj/capture_img/IMG/right_2025_01_11_07_24_29_172.jpg, 0, 1, 0, 30.19031
/Users/patel/Downloads/major_proj/capture_img/IMG/center_2025_01_11_07_24_29_275.jpg, /Users/patel/Downloads/major_proj/capture_img/IMG/left_2025_01_11_07_24_29_275.jpg, /Users/patel/Downloads/major_proj/capture_img/IMG/right_2025_01_11_07_24_29_275.jpg, -0.2000338, 1, 0, 30.17968
/Users/patel/Downloads/major_proj/capture_img/IMG/center_2025_01_11_07_24_29_375.jpg, /Users/patel/Downloads/major_proj/capture_img/IMG/left_2025_01_11_07_24_29_375.jpg, /Users/patel/Downloads/major_proj/capture_img/IMG/right_2025_01_11_07_24_29_375.jpg, 0, 1, 0, 30.18979
/Users/patel/Downloads/major_proj/capture_img/IMG/center_2025_01_11_07_24_29_476.jpg, /Users/patel/Downloads/major_proj/capture_img/IMG/left_2025_01_11_07_24_29_476.jpg, /Users/patel/Downloads/major_proj/capture_img/IMG/right_2025_01_11_07_24_29_476.jpg, -0.06411588, 1, 0, 30.19079
/Users/patel/Downloads/major_proj/capture_img/IMG/center_2025_01_11_07_24_29_580.jpg, /Users/patel/Downloads/major_proj/capture_img/IMG/left_2025_01_11_07_24_29_580.jpg, /Users/patel/Downloads/major_proj/capture_img/IMG/right_2025_01_11_07_24_29_580.jpg, 0, 1, 0, 30.19016
/Users/patel/Downloads/major_proj/capture_img/IMG/center_2025_01_11_07_24_29_684.jpg, /Users/patel/Downloads/major_proj/capture_img/IMG/left_2025_01_11_07_24_29_684.jpg, /Users/patel/Downloads/major_proj/capture_img/IMG/right_2025_01_11_07_24_29_684.jpg, 0, 1, 0, 30.19029
/Users/patel/Downloads/major_proj/capture_img/IMG/center_2025_01_11_07_24_29_784.jpg, /Users/patel/Downloads/major_proj/capture_img/IMG/left_2025_01_11_07_24_29_784.jpg, /Users/patel/Downloads/major_proj/capture_img/IMG/right_2025_01_11_07_24_29_784.jpg, -0.04251909, 1, 0, 30.18996
/Users/patel/Downloads/major_proj/capture_img/IMG/center_2025_01_11_07_24_29_885.jpg, /Users/patel/Downloads/major_proj/capture_img/IMG/left_2025_01_11_07_24_29_885.jpg, /Users/patel/Downloads/major_proj/capture_img/IMG/right_2025_01_11_07_24_29_885.jpg, -0.1265849, 1, 0, 30.18848
/Users/patel/Downloads/major_proj/capture_img/IMG/center_2025_01_11_07_24_29_988.jpg, /Users/patel/Downloads/major_proj/capture_img/IMG/left_2025_01_11_07_24_29_988.jpg, /Users/patel/Downloads/major_proj/capture_img/IMG/right_2025_01_11_07_24_29_988.jpg, 0, 1, 0, 30.19002
/Users/patel/Downloads/major_proj/capture_img/IMG/center_2025_01_11_07_24_30_089.jpg, /Users/patel/Downloads/major_proj/capture_img/IMG/left_2025_01_11_07_24_30_089.jpg, /Users/patel/Downloads/major_proj/capture_img/IMG/right_2025_01_11_07_24_30_089.jpg, 0, 1, 0, 30.19025
/Users/patel/Downloads/major_proj/capture_img/IMG/center_2025_01_11_07_24_30_192.jpg, /Users/patel/Downloads/major_proj/capture_img/IMG/left_2025_01_11_07_24_30_192.jpg, /Users/patel/Downloads/major_proj/capture_img/IMG/right_2025_01_11_07_24_30_192.jpg, 0, 1, 0, 30.19031
/Users/patel/Downloads/major_proj/capture_img/IMG/center_2025_01_11_07_24_30_295.jpg, /Users/patel/Downloads/major_proj/capture_img/IMG/left_2025_01_11_07_24_30_295.jpg, /Users/patel/Downloads/major_proj/capture_img/IMG/right_2025_01_11_07_24_30_295.jpg, 0, 1, 0, 30.19028
/Users/patel/Downloads/major_proj/capture_img/IMG/center_2025_01_11_07_24_30_399.jpg, /Users/patel/Downloads/major_proj/capture_img/IMG/left_2025_01_11_07_24_30_399.jpg, /Users/patel/Downloads/major_proj/capture_img/IMG/right_2025_01_11_07_24_30_399.jpg, 0, 1, 0, 30.19029
/Users/patel/Downloads/major_proj/capture_img/IMG/center_2025_01_11_07_24_30_501.jpg, /Users/patel/Downloads/major_proj/capture_img/IMG/left_2025_01_11_07_24_30_501.jpg, /Users/patel/Downloads/major_proj/capture_img/IMG/right_2025_01_11_07_24_30_501.jpg, -0.2188711, 1, 0, 30.17792
/Users/patel/Downloads/major_proj/capture_img/IMG/center_2025_01_11_07_24_30_601.jpg, /Users/patel/Downloads/major_proj/capture_img/IMG/left_2025_01_11_07_24_30_601.jpg, /Users/patel/Downloads/major_proj/capture_img/IMG/right_2025_01_11_07_24_30_601.jpg, 0, 1, 0, 30.18953
/Users/patel/Downloads/major_proj/capture_img/IMG/center_2025_01_11_07_24_30_704.jpg, /Users/patel/Downloads/major_proj/capture_img/IMG/left_2025_01_11_07_24_30_704.jpg, /Users/patel/Downloads/major_proj/capture_img/IMG/right_2025_01_11_07_24_30_704.jpg, 0, 1, 0, 30.1902
/Users/patel/Downloads/major_proj/capture_img/IMG/center_2025_01_11_07_24_30_804.jpg, /Users/patel/Downloads/major_proj/capture_img/IMG/left_2025_01_11_07_24_30_804.jpg, /Users/patel/Downloads/major_proj/capture_img/IMG/right_2025_01_11_07_24_30_804.jpg, 0, 1, 0, 30.19029
/Users/patel/Downloads/major_proj/capture_img/IMG/center_2025_01_11_07_24_30_907.jpg, /Users/patel/Downloads/major_proj/capture_img/IMG/left_2025_01_11_07_24_30_907.jpg, /Users/patel/Downloads/major_proj/capture_img/IMG/right_2025_01_11_07_24_30_907.jpg, 0, 1, 0, 30.1903
/Users/patel/Downloads/major_proj/capture_img/IMG/center_2025_01_11_07_24_31_008.jpg, /Users/patel/Downloads/major_proj/capture_img/IMG/left_2025_01_11_07_24_31_008.jpg, /Users/patel/Downloads/major_proj/capture_img/IMG/right_2025_01_11_07_24_31_008.jpg, -0.2833049, 1, 0, 30.17046
/Users/patel/Downloads/major_proj/capture_img/IMG/center_2025_01_11_07_24_31_112.jpg, /Users/patel/Downloads/major_proj/capture_img/IMG/left_2025_01_11_07_24_31_112.jpg, /Users/patel/Downloads/major_proj/capture_img/IMG/right_2025_01_11_07_24_31_112.jpg, -0.05061293, 1, 0, 30.19077
/Users/patel/Downloads/major_proj/capture_img/IMG/center_2025_01_11_07_24_31_218.jpg, /Users/patel/Downloads/major_proj/capture_img/IMG/left_2025_01_11_07_24_31_218.jpg, /Users/patel/Downloads/major_proj/capture_img/IMG/right_2025_01_11_07_24_31_218.jpg, 0, 1, 0, 30.19006
/Users/patel/Downloads/major_proj/capture_img/IMG/center_2025_01_11_07_24_31_322.jpg, /Users/patel/Downloads/major_proj/capture_img/IMG/left_2025_01_11_07_24_31_322.jpg, /Users/patel/Downloads/major_proj/capture_img/IMG/right_2025_01_11_07_24_31_322.jpg, 0, 1, 0, 30.19026
/Users/patel/Downloads/major_proj/capture_img/IMG/center_2025_01_11_07_24_31_423.jpg, /Users/patel/Downloads/major_proj/capture_img/IMG/left_2025_01_11_07_24_31_423.jpg, /Users/patel/Downloads/major_proj/capture_img/IMG/right_2025_01_11_07_24_31_423.jpg, 0, 1, 0, 30.19029
/Users/patel/Downloads/major_proj/capture_img/IMG/center_2025_01_11_07_24_31_525.jpg, /Users/patel/Downloads/major_proj/capture_img/IMG/left_2025_01_11_07_24_31_525.jpg, /Users/patel/Downloads/major_proj/capture_img/IMG/right_2025_01_11_07_24_31_525.jpg, -0.04905617, 1, 0, 30.18976
/Users/patel/Downloads/major_proj/capture_img/IMG/center_2025_01_11_07_24_31_625.jpg, /Users/patel/Downloads/major_proj/capture_img/IMG/left_2025_01_11_07_24_31_625.jpg, /Users/patel/Downloads/major_proj/capture_img/IMG/right_2025_01_11_07_24_31_625.jpg, -0.2488021, 1, 0, 30.17523
/Users/patel/Downloads/major_proj/capture_img/IMG/center_2025_01_11_07_24_31_728.jpg, /Users/patel/Downloads/major_proj/capture_img/IMG/left_2025_01_11_07_24_31_728.jpg, /Users/patel/Downloads/major_proj/capture_img/IMG/right_2025_01_11_07_24_31_728.jpg, 0, 1, 0, 30.18929
/Users/patel/Downloads/major_proj/capture_img/IMG/center_2025_01_11_07_24_31_831.jpg, /Users/patel/Downloads/major_proj/capture_img/IMG/left_2025_01_11_07_24_31_831.jpg, /Users/patel/Downloads/major_proj/capture_img/IMG/right_2025_01_11_07_24_31_831.jpg, 0, 1, 0, 30.18964
/Users/patel/Downloads/major_proj/capture_img/IMG/center_2025_01_11_07_24_31_932.jpg, /Users/patel/Downloads/major_proj/capture_img/IMG/left_2025_01_11_07_24_31_932.jpg, /Users/patel/Downloads/major_proj/capture_img/IMG/right_2025_01_11_07_24_31_932.jpg, 0, 1, 0, 30.19073
/Users/patel/Downloads/major_proj/capture_img/IMG/center_2025_01_11_07_24_32_034.jpg, /Users/patel/Downloads/major_proj/capture_img/IMG/left_2025_01_11_07_24_32_034.jpg, /Users/patel/Downloads/major_proj/capture_img/IMG/right_2025_01_11_07_24_32_034.jpg, 0, 1, 0, 30.19023
/Users/patel/Downloads/major_proj/capture_img/IMG/center_2025_01_11_07_24_32_138.jpg, /Users/patel/Downloads/major_proj/capture_img/IMG/left_2025_01_11_07_24_32_138.jpg, /Users/patel/Downloads/major_proj/capture_img/IMG/right_2025_01_11_07_24_32_138.jpg, 0, 1, 0, 30.19016
/Users/patel/Downloads/major_proj/capture_img/IMG/center_2025_01_11_07_24_32_239.jpg, /Users/patel/Downloads/major_proj/capture_img/IMG/left_2025_01_11_07_24_32_239.jpg, /Users/patel/Downloads/major_proj/capture_img/IMG/right_2025_01_11_07_24_32_239.jpg, 0.1806003, 1, 0, 30.18147
/Users/patel/Downloads/major_proj/capture_img/IMG/center_2025_01_11_07_24_32_342.jpg, /Users/patel/Downloads/major_proj/capture_img/IMG/left_2025_01_11_07_24_32_342.jpg, /Users/patel/Downloads/major_proj/capture_img/IMG/right_2025_01_11_07_24_32_342.jpg, 0.4779121, 1, 0, 30.14546
/Users/patel/Downloads/major_proj/capture_img/IMG/center_2025_01_11_07_24_32_445.jpg, /Users/patel/Downloads/major_proj/capture_img/IMG/left_2025_01_11_07_24_32_445.jpg, /Users/patel/Downloads/major_proj/capture_img/IMG/right_2025_01_11_07_24_32_445.jpg, 0.1797152, 1, 0, 30.19229
/Users/patel/Downloads/major_proj/capture_img/IMG/center_2025_01_11_07_24_32_546.jpg, /Users/patel/Downloads/major_proj/capture_img/IMG/left_2025_01_11_07_24_32_546.jpg, /Users/patel/Downloads/major_proj/capture_img/IMG/right_2025_01_11_07_24_32_546.jpg, 0, 1, 0, 30.18859
/Users/patel/Downloads/major_proj/capture_img/IMG/center_2025_01_11_07_24_32_650.jpg, /Users/patel/Downloads/major_proj/capture_img/IMG/left_2025_01_11_07_24_32_650.jpg, /Users/patel/Downloads/major_proj/capture_img/IMG/right_2025_01_11_07_24_32_650.jpg, 0, 1, 0, 30.18959
/Users/patel/Downloads/major_proj/capture_img/IMG/center_2025_01_11_07_24_32_751.jpg, /Users/patel/Downloads/major_proj/capture_img/IMG/left_2025_01_11_07_24_32_751.jpg, /Users/patel/Downloads/major_proj/capture_img/IMG/right_2025_01_11_07_24_32_751.jpg, -0.2205302, 1, 0, 30.17492
/Users/patel/Downloads/major_proj/capture_img/IMG/center_2025_01_11_07_24_32_852.jpg, /Users/patel/Downloads/major_proj/capture_img/IMG/left_2025_01_11_07_24_32_852.jpg, /Users/patel/Downloads/major_proj/capture_img/IMG/right_2025_01_11_07_24_32_852.jpg, 0, 1, 0, 30.18915
/Users/patel/Downloads/major_proj/capture_img/IMG/center_2025_01_11_07_24_32_954.jpg, /Users/patel/Downloads/major_proj/capture_img/IMG/left_2025_01_11_07_24_32_954.jpg, /Users/patel/Downloads/major_proj/capture_img/IMG/right_2025_01_11_07_24_32_954.jpg, 0, 1, 0, 30.19015
/Users/patel/Downloads/major_proj/capture_img/IMG/center_2025_01_11_07_24_33_057.jpg, /Users/patel/Downloads/major_proj/capture_img/IMG/left_2025_01_11_07_24_33_057.jpg, /Users/patel/Downloads/major_proj/capture_img/IMG/right_2025_01_11_07_24_33_057.jpg, 0, 1, 0, 30.19028
/Users/patel/Downloads/major_proj/capture_img/IMG/center_2025_01_11_07_24_33_158.jpg, /Users/patel/Downloads/major_proj/capture_img/IMG/left_2025_01_11_07_24_33_158.jpg, /Users/patel/Downloads/major_proj/capture_img/IMG/right_2025_01_11_07_24_33_158.jpg, -0.2082986, 1, 0, 30.17932
/Users/patel/Downloads/major_proj/capture_img/IMG/center_2025_01_11_07_24_33_261.jpg, /Users/patel/Downloads/major_proj/capture_img/IMG/left_2025_01_11_07_24_33_261.jpg, /Users/patel/Downloads/major_proj/capture_img/IMG/right_2025_01_11_07_24_33_261.jpg, 0, 1, 0, 30.18955
/Users/patel/Downloads/major_proj/capture_img/IMG/center_2025_01_11_07_24_33_364.jpg, /Users/patel/Downloads/major_proj/capture_img/IMG/left_2025_01_11_07_24_33_364.jpg, /Users/patel/Downloads/major_proj/capture_img/IMG/right_2025_01_11_07_24_33_364.jpg, -0.1136606, 1, 0, 30.18817
/Users/patel/Downloads/major_proj/capture_img/IMG/center_2025_01_11_07_24_33_467.jpg, /Users/patel/Downloads/major_proj/capture_img/IMG/left_2025_01_11_07_24_33_467.jpg, /Users/patel/Downloads/major_proj/capture_img/IMG/right_2025_01_11_07_24_33_467.jpg, 0, 1, 0, 30.19005
/Users/patel/Downloads/major_proj/capture_img/IMG/center_2025_01_11_07_24_33_567.jpg, /Users/patel/Downloads/major_proj/capture_img/IMG/left_2025_01_11_07_24_33_567.jpg, /Users/patel/Downloads/major_proj/capture_img/IMG/right_2025_01_11_07_24_33_567.jpg, 0, 1, 0, 30.19027
/Users/patel/Downloads/major_proj/capture_img/IMG/center_2025_01_11_07_24_33_668.jpg, /Users/patel/Downloads/major_proj/capture_img/IMG/left_2025_01_11_07_24_33_668.jpg, /Users/patel/Downloads/major_proj/capture_img/IMG/right_2025_01_11_07_24_33_668.jpg, -0.1688787, 1, 0, 30.18316
/Users/patel/Downloads/major_proj/capture_img/IMG/center_2025_01_11_07_24_33_770.jpg, /Users/patel/Downloads/major_proj/capture_img/IMG/left_2025_01_11_07_24_33_770.jpg, /Users/patel/Downloads/major_proj/capture_img/IMG/right_2025_01_11_07_24_33_770.jpg, 0, 1, 0, 30.19016
/Users/patel/Downloads/major_proj/capture_img/IMG/center_2025_01_11_07_24_33_872.jpg, /Users/patel/Downloads/major_proj/capture_img/IMG/left_2025_01_11_07_24_33_872.jpg, /Users/patel/Downloads/major_proj/capture_img/IMG/right_2025_01_11_07_24_33_872.jpg, -0.163197, 1, 0, 30.18416
/Users/patel/Downloads/major_proj/capture_img/IMG/center_2025_01_11_07_24_33_973.jpg, /Users/patel/Downloads/major_proj/capture_img/IMG/left_2025_01_11_07_24_33_973.jpg, /Users/patel/Downloads/major_proj/capture_img/IMG/right_2025_01_11_07_24_33_973.jpg, 0, 1, 0, 30.19004
/Users/patel/Downloads/major_proj/capture_img/IMG/center_2025_01_11_07_24_34_077.jpg, /Users/patel/Downloads/major_proj/capture_img/IMG/left_2025_01_11_07_24_34_077.jpg, /Users/patel/Downloads/major_proj/capture_img/IMG/right_2025_01_11_07_24_34_077.jpg, 0, 1, 0, 30.19019
/Users/patel/Downloads/major_proj/capture_img/IMG/center_2025_01_11_07_24_34_179.jpg, /Users/patel/Downloads/major_proj/capture_img/IMG/left_2025_01_11_07_24_34_179.jpg, /Users/patel/Downloads/major_proj/capture_img/IMG/right_2025_01_11_07_24_34_179.jpg, -0.1346791, 1, 0, 30.18538
/Users/patel/Downloads/major_proj/capture_img/IMG/center_2025_01_11_07_24_34_279.jpg, /Users/patel/Downloads/major_proj/capture_img/IMG/left_2025_01_11_07_24_34_279.jpg, /Users/patel/Downloads/major_proj/capture_img/IMG/right_2025_01_11_07_24_34_279.jpg, 0, 1, 0, 30.18958
/Users/patel/Downloads/major_proj/capture_img/IMG/center_2025_01_11_07_24_34_384.jpg, /Users/patel/Downloads/major_proj/capture_img/IMG/left_2025_01_11_07_24_34_384.jpg, /Users/patel/Downloads/major_proj/capture_img/IMG/right_2025_01_11_07_24_34_384.jpg, -0.2016993, 1, 0, 30.18098
/Users/patel/Downloads/major_proj/capture_img/IMG/center_2025_01_11_07_24_34_487.jpg, /Users/patel/Downloads/major_proj/capture_img/IMG/left_2025_01_11_07_24_34_487.jpg, /Users/patel/Downloads/major_proj/capture_img/IMG/right_2025_01_11_07_24_34_487.jpg, -0.04740894, 1, 0, 30.1898
/Users/patel/Downloads/major_proj/capture_img/IMG/center_2025_01_11_07_24_34_589.jpg, /Users/patel/Downloads/major_proj/capture_img/IMG/left_2025_01_11_07_24_34_589.jpg, /Users/patel/Downloads/major_proj/capture_img/IMG/right_2025_01_11_07_24_34_589.jpg, -0.157671, 1, 0, 30.18746
/Users/patel/Downloads/major_proj/capture_img/IMG/center_2025_01_11_07_24_34_690.jpg, /Users/patel/Downloads/major_proj/capture_img/IMG/left_2025_01_11_07_24_34_690.jpg, /Users/patel/Downloads/major_proj/capture_img/IMG/right_2025_01_11_07_24_34_690.jpg, -0.02857804, 1, 0, 30.19014
/Users/patel/Downloads/major_proj/capture_img/IMG/center_2025_01_11_07_24_34_791.jpg, /Users/patel/Downloads/major_proj/capture_img/IMG/left_2025_01_11_07_24_34_791.jpg, /Users/patel/Downloads/major_proj/capture_img/IMG/right_2025_01_11_07_24_34_791.jpg, 0, 1, 0, 30.18963
/Users/patel/Downloads/major_proj/capture_img/IMG/center_2025_01_11_07_24_34_892.jpg, /Users/patel/Downloads/major_proj/capture_img/IMG/left_2025_01_11_07_24_34_892.jpg, /Users/patel/Downloads/major_proj/capture_img/IMG/right_2025_01_11_07_24_34_892.jpg, -0.12876, 1, 0, 30.18765
/Users/patel/Downloads/major_proj/capture_img/IMG/center_2025_01_11_07_24_34_992.jpg, /Users/patel/Downloads/major_proj/capture_img/IMG/left_2025_01_11_07_24_34_992.jpg, /Users/patel/Downloads/major_proj/capture_img/IMG/right_2025_01_11_07_24_34_992.jpg, 0, 1, 0, 30.19001
/Users/patel/Downloads/major_proj/capture_img/IMG/center_2025_01_11_07_24_35_093.jpg, /Users/patel/Downloads/major_proj/capture_img/IMG/left_2025_01_11_07_24_35_093.jpg, /Users/patel/Downloads/major_proj/capture_img/IMG/right_2025_01_11_07_24_35_093.jpg, 0, 1, 0, 30.1904
/Users/patel/Downloads/major_proj/capture_img/IMG/center_2025_01_11_07_24_35_196.jpg, /Users/patel/Downloads/major_proj/capture_img/IMG/left_2025_01_11_07_24_35_196.jpg, /Users/patel/Downloads/major_proj/capture_img/IMG/right_2025_01_11_07_24_35_196.jpg, 0, 1, 0, 30.19046
/Users/patel/Downloads/major_proj/capture_img/IMG/center_2025_01_11_07_24_35_297.jpg, /Users/patel/Downloads/major_proj/capture_img/IMG/left_2025_01_11_07_24_35_297.jpg, /Users/patel/Downloads/major_proj/capture_img/IMG/right_2025_01_11_07_24_35_297.jpg, 0, 1, 0, 30.19049
/Users/patel/Downloads/major_proj/capture_img/IMG/center_2025_01_11_07_24_35_400.jpg, /Users/patel/Downloads/major_proj/capture_img/IMG/left_2025_01_11_07_24_35_400.jpg, /Users/patel/Downloads/major_proj/capture_img/IMG/right_2025_01_11_07_24_35_400.jpg, 0, 1, 0, 30.19048
/Users/patel/Downloads/major_proj/capture_img/IMG/center_2025_01_11_07_24_35_504.jpg, /Users/patel/Downloads/major_proj/capture_img/IMG/left_2025_01_11_07_24_35_504.jpg, /Users/patel/Downloads/major_proj/capture_img/IMG/right_2025_01_11_07_24_35_504.jpg, 0, 1, 0, 30.19023
/Users/patel/Downloads/major_proj/capture_img/IMG/center_2025_01_11_07_24_35_606.jpg, /Users/patel/Downloads/major_proj/capture_img/IMG/left_2025_01_11_07_24_35_606.jpg, /Users/patel/Downloads/major_proj/capture_img/IMG/right_2025_01_11_07_24_35_606.jpg, -0.1880908, 1, 0, 30.18107
/Users/patel/Downloads/major_proj/capture_img/IMG/center_2025_01_11_07_24_35_709.jpg, /Users/patel/Downloads/major_proj/capture_img/IMG/left_2025_01_11_07_24_35_709.jpg, /Users/patel/Downloads/major_proj/capture_img/IMG/right_2025_01_11_07_24_35_709.jpg, 0, 1, 0, 30.18945
/Users/patel/Downloads/major_proj/capture_img/IMG/center_2025_01_11_07_24_35_810.jpg, /Users/patel/Downloads/major_proj/capture_img/IMG/left_2025_01_11_07_24_35_810.jpg, /Users/patel/Downloads/major_proj/capture_img/IMG/right_2025_01_11_07_24_35_810.jpg, -0.1232514, 1, 0, 30.18762
/Users/patel/Downloads/major_proj/capture_img/IMG/center_2025_01_11_07_24_35_913.jpg, /Users/patel/Downloads/major_proj/capture_img/IMG/left_2025_01_11_07_24_35_913.jpg, /Users/patel/Downloads/major_proj/capture_img/IMG/right_2025_01_11_07_24_35_913.jpg, 0, 1, 0, 30.19012
/Users/patel/Downloads/major_proj/capture_img/IMG/center_2025_01_11_07_24_36_013.jpg, /Users/patel/Downloads/major_proj/capture_img/IMG/left_2025_01_11_07_24_36_013.jpg, /Users/patel/Downloads/major_proj/capture_img/IMG/right_2025_01_11_07_24_36_013.jpg, 0, 1, 0, 30.19043
/Users/patel/Downloads/major_proj/capture_img/IMG/center_2025_01_11_07_24_36_114.jpg, /Users/patel/Downloads/major_proj/capture_img/IMG/left_2025_01_11_07_24_36_114.jpg, /Users/patel/Downloads/major_proj/capture_img/IMG/right_2025_01_11_07_24_36_114.jpg, 0, 1, 0, 30.19027
/Users/patel/Downloads/major_proj/capture_img/IMG/center_2025_01_11_07_24_36_217.jpg, /Users/patel/Downloads/major_proj/capture_img/IMG/left_2025_01_11_07_24_36_217.jpg, /Users/patel/Downloads/major_proj/capture_img/IMG/right_2025_01_11_07_24_36_217.jpg, 0, 1, 0, 30.1903
/Users/patel/Downloads/major_proj/capture_img/IMG/center_2025_01_11_07_24_36_319.jpg, /Users/patel/Downloads/major_proj/capture_img/IMG/left_2025_01_11_07_24_36_319.jpg, /Users/patel/Downloads/major_proj/capture_img/IMG/right_2025_01_11_07_24_36_319.jpg, 0, 1, 0, 30.1903
/Users/patel/Downloads/major_proj/capture_img/IMG/center_2025_01_11_07_24_36_420.jpg, /Users/patel/Downloads/major_proj/capture_img/IMG/left_2025_01_11_07_24_36_420.jpg, /Users/patel/Downloads/major_proj/capture_img/IMG/right_2025_01_11_07_24_36_420.jpg, 0, 1, 0, 30.19031
/Users/patel/Downloads/major_proj/capture_img/IMG/center_2025_01_11_07_24_36_521.jpg, /Users/patel/Downloads/major_proj/capture_img/IMG/left_2025_01_11_07_24_36_521.jpg, /Users/patel/Downloads/major_proj/capture_img/IMG/right_2025_01_11_07_24_36_521.jpg, 0, 1, 0, 30.19029
/Users/patel/Downloads/major_proj/capture_img/IMG/center_2025_01_11_07_24_36_624.jpg, /Users/patel/Downloads/major_proj/capture_img/IMG/left_2025_01_11_07_24_36_624.jpg, /Users/patel/Downloads/major_proj/capture_img/IMG/right_2025_01_11_07_24_36_624.jpg, 0, 1, 0, 30.1903
/Users/patel/Downloads/major_proj/capture_img/IMG/center_2025_01_11_07_24_36_724.jpg, /Users/patel/Downloads/major_proj/capture_img/IMG/left_2025_01_11_07_24_36_724.jpg, /Users/patel/Downloads/major_proj/capture_img/IMG/right_2025_01_11_07_24_36_724.jpg, 0, 1, 0, 30.19029
/Users/patel/Downloads/major_proj/capture_img/IMG/center_2025_01_11_07_24_36_825.jpg, /Users/patel/Downloads/major_proj/capture_img/IMG/left_2025_01_11_07_24_36_825.jpg, /Users/patel/Downloads/major_proj/capture_img/IMG/right_2025_01_11_07_24_36_825.jpg, 0, 1, 0, 30.19029
/Users/patel/Downloads/major_proj/capture_img/IMG/center_2025_01_11_07_24_36_927.jpg, /Users/patel/Downloads/major_proj/capture_img/IMG/left_2025_01_11_07_24_36_927.jpg, /Users/patel/Downloads/major_proj/capture_img/IMG/right_2025_01_11_07_24_36_927.jpg, 0, 1, 0, 30.19031
/Users/patel/Downloads/major_proj/capture_img/IMG/center_2025_01_11_07_24_37_029.jpg, /Users/patel/Downloads/major_proj/capture_img/IMG/left_2025_01_11_07_24_37_029.jpg, /Users/patel/Downloads/major_proj/capture_img/IMG/right_2025_01_11_07_24_37_029.jpg, -0.09536719, 1, 0, 30.18798
/Users/patel/Downloads/major_proj/capture_img/IMG/center_2025_01_11_07_24_37_134.jpg, /Users/patel/Downloads/major_proj/capture_img/IMG/left_2025_01_11_07_24_37_134.jpg, /Users/patel/Downloads/major_proj/capture_img/IMG/right_2025_01_11_07_24_37_134.jpg, -0.2005806, 1, 0, 30.18414
/Users/patel/Downloads/major_proj/capture_img/IMG/center_2025_01_11_07_24_37_234.jpg, /Users/patel/Downloads/major_proj/capture_img/IMG/left_2025_01_11_07_24_37_234.jpg, /Users/patel/Downloads/major_proj/capture_img/IMG/right_2025_01_11_07_24_37_234.jpg, 0, 1, 0, 30.18934
/Users/patel/Downloads/major_proj/capture_img/IMG/center_2025_01_11_07_24_37_336.jpg, /Users/patel/Downloads/major_proj/capture_img/IMG/left_2025_01_11_07_24_37_336.jpg, /Users/patel/Downloads/major_proj/capture_img/IMG/right_2025_01_11_07_24_37_336.jpg, 0, 1, 0, 30.19016
/Users/patel/Downloads/major_proj/capture_img/IMG/center_2025_01_11_07_24_37_438.jpg, /Users/patel/Downloads/major_proj/capture_img/IMG/left_2025_01_11_07_24_37_438.jpg, /Users/patel/Downloads/major_proj/capture_img/IMG/right_2025_01_11_07_24_37_438.jpg, 0, 1, 0, 30.19029
/Users/patel/Downloads/major_proj/capture_img/IMG/center_2025_01_11_07_24_37_541.jpg, /Users/patel/Downloads/major_proj/capture_img/IMG/left_2025_01_11_07_24_37_541.jpg, /Users/patel/Downloads/major_proj/capture_img/IMG/right_2025_01_11_07_24_37_541.jpg, 0, 1, 0, 30.19029
/Users/patel/Downloads/major_proj/capture_img/IMG/center_2025_01_11_07_24_37_643.jpg, /Users/patel/Downloads/major_proj/capture_img/IMG/left_2025_01_11_07_24_37_643.jpg, /Users/patel/Downloads/major_proj/capture_img/IMG/right_2025_01_11_07_24_37_643.jpg, 0, 1, 0, 30.19029
/Users/patel/Downloads/major_proj/capture_img/IMG/center_2025_01_11_07_24_37_746.jpg, /Users/patel/Downloads/major_proj/capture_img/IMG/left_2025_01_11_07_24_37_746.jpg, /Users/patel/Downloads/major_proj/capture_img/IMG/right_2025_01_11_07_24_37_746.jpg, 0, 1, 0, 30.19031
/Users/patel/Downloads/major_proj/capture_img/IMG/center_2025_01_11_07_24_37_846.jpg, /Users/patel/Downloads/major_proj/capture_img/IMG/left_2025_01_11_07_24_37_846.jpg, /Users/patel/Downloads/major_proj/capture_img/IMG/right_2025_01_11_07_24_37_846.jpg, 0, 1, 0, 30.1903
/Users/patel/Downloads/major_proj/capture_img/IMG/center_2025_01_11_07_24_37_946.jpg, /Users/patel/Downloads/major_proj/capture_img/IMG/left_2025_01_11_07_24_37_946.jpg, /Users/patel/Downloads/major_proj/capture_img/IMG/right_2025_01_11_07_24_37_946.jpg, 0, 1, 0, 30.1903
/Users/patel/Downloads/major_proj/capture_img/IMG/center_2025_01_11_07_24_38_048.jpg, /Users/patel/Downloads/major_proj/capture_img/IMG/left_2025_01_11_07_24_38_048.jpg, /Users/patel/Downloads/major_proj/capture_img/IMG/right_2025_01_11_07_24_38_048.jpg, 0, 1, 0, 30.19029
/Users/patel/Downloads/major_proj/capture_img/IMG/center_2025_01_11_07_24_38_151.jpg, /Users/patel/Downloads/major_proj/capture_img/IMG/left_2025_01_11_07_24_38_151.jpg, /Users/patel/Downloads/major_proj/capture_img/IMG/right_2025_01_11_07_24_38_151.jpg, 0, 0.7301229, 0, 30.13313
/Users/patel/Downloads/major_proj/capture_img/IMG/center_2025_01_11_07_24_38_253.jpg, /Users/patel/Downloads/major_proj/capture_img/IMG/left_2025_01_11_07_24_38_253.jpg, /Users/patel/Downloads/major_proj/capture_img/IMG/right_2025_01_11_07_24_38_253.jpg, 0, 0.4332221, 0, 30.05833
/Users/patel/Downloads/major_proj/capture_img/IMG/center_2025_01_11_07_24_38_353.jpg, /Users/patel/Downloads/major_proj/capture_img/IMG/left_2025_01_11_07_24_38_353.jpg, /Users/patel/Downloads/major_proj/capture_img/IMG/right_2025_01_11_07_24_38_353.jpg, 0, 0.131956, 0, 29.97898
/Users/patel/Downloads/major_proj/capture_img/IMG/center_2025_01_11_07_24_38_461.jpg, /Users/patel/Downloads/major_proj/capture_img/IMG/left_2025_01_11_07_24_38_461.jpg, /Users/patel/Downloads/major_proj/capture_img/IMG/right_2025_01_11_07_24_38_461.jpg, 0, 0, 0, 29.65553
/Users/patel/Downloads/major_proj/capture_img/IMG/center_2025_01_11_07_24_38_561.jpg, /Users/patel/Downloads/major_proj/capture_img/IMG/left_2025_01_11_07_24_38_561.jpg, /Users/patel/Downloads/major_proj/capture_img/IMG/right_2025_01_11_07_24_38_561.jpg, 0, 0, 0, 29.35781
/Users/patel/Downloads/major_proj/capture_img/IMG/center_2025_01_11_07_24_38_662.jpg, /Users/patel/Downloads/major_proj/capture_img/IMG/left_2025_01_11_07_24_38_662.jpg, /Users/patel/Downloads/major_proj/capture_img/IMG/right_2025_01_11_07_24_38_662.jpg, 0, 0, 0, 29.06301
/Users/patel/Downloads/major_proj/capture_img/IMG/center_2025_01_11_07_24_38_765.jpg, /Users/patel/Downloads/major_proj/capture_img/IMG/left_2025_01_11_07_24_38_765.jpg, /Users/patel/Downloads/major_proj/capture_img/IMG/right_2025_01_11_07_24_38_765.jpg, 0, 0, 0, 28.77118
/Users/patel/Downloads/major_proj/capture_img/IMG/center_2025_01_11_07_24_38_865.jpg, /Users/patel/Downloads/major_proj/capture_img/IMG/left_2025_01_11_07_24_38_865.jpg, /Users/patel/Downloads/major_proj/capture_img/IMG/right_2025_01_11_07_24_38_865.jpg, 0, 0, 0, 28.48228
/Users/patel/Downloads/major_proj/capture_img/IMG/center_2025_01_11_07_24_38_968.jpg, /Users/patel/Downloads/major_proj/capture_img/IMG/left_2025_01_11_07_24_38_968.jpg, /Users/patel/Downloads/major_proj/capture_img/IMG/right_2025_01_11_07_24_38_968.jpg, 0, 0, 0, 28.19628
/Users/patel/Downloads/major_proj/capture_img/IMG/center_2025_01_11_07_24_39_071.jpg, /Users/patel/Downloads/major_proj/capture_img/IMG/left_2025_01_11_07_24_39_071.jpg, /Users/patel/Downloads/major_proj/capture_img/IMG/right_2025_01_11_07_24_39_071.jpg, 0, 0, 0, 27.91315
/Users/patel/Downloads/major_proj/capture_img/IMG/center_2025_01_11_07_24_39_171.jpg, /Users/patel/Downloads/major_proj/capture_img/IMG/left_2025_01_11_07_24_39_171.jpg, /Users/patel/Downloads/major_proj/capture_img/IMG/right_2025_01_11_07_24_39_171.jpg, 0, 0, 0, 27.63288
/Users/patel/Downloads/major_proj/capture_img/IMG/center_2025_01_11_07_24_39_274.jpg, /Users/patel/Downloads/major_proj/capture_img/IMG/left_2025_01_11_07_24_39_274.jpg, /Users/patel/Downloads/major_proj/capture_img/IMG/right_2025_01_11_07_24_39_274.jpg, 0, 0, 0, 27.35542
/Users/patel/Downloads/major_proj/capture_img/IMG/center_2025_01_11_07_24_39_376.jpg, /Users/patel/Downloads/major_proj/capture_img/IMG/left_2025_01_11_07_24_39_376.jpg, /Users/patel/Downloads/major_proj/capture_img/IMG/right_2025_01_11_07_24_39_376.jpg, 0, 0, 0, 27.08074
/Users/patel/Downloads/major_proj/capture_img/IMG/center_2025_01_11_07_24_39_479.jpg, /Users/patel/Downloads/major_proj/capture_img/IMG/left_2025_01_11_07_24_39_479.jpg, /Users/patel/Downloads/major_proj/capture_img/IMG/right_2025_01_11_07_24_39_479.jpg, 0, 0, 0, 26.75477
/Users/patel/Downloads/major_proj/capture_img/IMG/center_2025_01_11_07_24_39_584.jpg, /Users/patel/Downloads/major_proj/capture_img/IMG/left_2025_01_11_07_24_39_584.jpg, /Users/patel/Downloads/major_proj/capture_img/IMG/right_2025_01_11_07_24_39_584.jpg, 0, 0, 0, 26.48613
/Users/patel/Downloads/major_proj/capture_img/IMG/center_2025_01_11_07_24_39_685.jpg, /Users/patel/Downloads/major_proj/capture_img/IMG/left_2025_01_11_07_24_39_685.jpg, /Users/patel/Downloads/major_proj/capture_img/IMG/right_2025_01_11_07_24_39_685.jpg, 0, 0, 0, 26.22021
/Users/patel/Downloads/major_proj/capture_img/IMG/center_2025_01_11_07_24_39_788.jpg, /Users/patel/Downloads/major_proj/capture_img/IMG/left_2025_01_11_07_24_39_788.jpg, /Users/patel/Downloads/major_proj/capture_img/IMG/right_2025_01_11_07_24_39_788.jpg, 0, 0, 0, 25.95694
/Users/patel/Downloads/major_proj/capture_img/IMG/center_2025_01_11_07_24_39_891.jpg, /Users/patel/Downloads/major_proj/capture_img/IMG/left_2025_01_11_07_24_39_891.jpg, /Users/patel/Downloads/major_proj/capture_img/IMG/right_2025_01_11_07_24_39_891.jpg, 0, 0, 0, 25.69632
/Users/patel/Downloads/major_proj/capture_img/IMG/center_2025_01_11_07_24_39_994.jpg, /Users/patel/Downloads/major_proj/capture_img/IMG/left_2025_01_11_07_24_39_994.jpg, /Users/patel/Downloads/major_proj/capture_img/IMG/right_2025_01_11_07_24_39_994.jpg, 0, 0, 0, 25.43831
/Users/patel/Downloads/major_proj/capture_img/IMG/center_2025_01_11_07_24_40_095.jpg, /Users/patel/Downloads/major_proj/capture_img/IMG/left_2025_01_11_07_24_40_095.jpg, /Users/patel/Downloads/major_proj/capture_img/IMG/right_2025_01_11_07_24_40_095.jpg, 0, 0, 0, 25.1829
/Users/patel/Downloads/major_proj/capture_img/IMG/center_2025_01_11_07_24_55_935.jpg, /Users/patel/Downloads/major_proj/capture_img/IMG/left_2025_01_11_07_24_55_935.jpg, /Users/patel/Downloads/major_proj/capture_img/IMG/right_2025_01_11_07_24_55_935.jpg, 0, 0, 0, 1.686734
/Users/patel/Downloads/major_proj/capture_img/IMG/center_2025_01_11_07_24_56_039.jpg, /Users/patel/Downloads/major_proj/capture_img/IMG/left_2025_01_11_07_24_56_039.jpg, /Users/patel/Downloads/major_proj/capture_img/IMG/right_2025_01_11_07_24_56_039.jpg, 0, 0, 0, 1.651402
/Users/patel/Downloads/major_proj/capture_img/IMG/center_2025_01_11_07_24_56_140.jpg, /Users/patel/Downloads/major_proj/capture_img/IMG/left_2025_01_11_07_24_56_140.jpg, /Users/patel/Downloads/major_proj/capture_img/IMG/right_2025_01_11_07_24_56_140.jpg, 0, 0, 0, 1.622355
/Users/patel/Downloads/major_proj/capture_img/IMG/center_2025_01_11_07_24_56_244.jpg, /Users/patel/Downloads/major_proj/capture_img/IMG/left_2025_01_11_07_24_56_244.jpg, /Users/patel/Downloads/major_proj/capture_img/IMG/right_2025_01_11_07_24_56_244.jpg, 0, 0, 0, 1.593667
/Users/patel/Downloads/major_proj/capture_img/IMG/center_2025_01_11_07_24_56_348.jpg, /Users/patel/Downloads/major_proj/capture_img/IMG/left_2025_01_11_07_24_56_348.jpg, /Users/patel/Downloads/major_proj/capture_img/IMG/right_2025_01_11_07_24_56_348.jpg, 0, 0, 0, 1.565331
/Users/patel/Downloads/major_proj/capture_img/IMG/center_2025_01_11_07_24_56_451.jpg, /Users/patel/Downloads/major_proj/capture_img/IMG/left_2025_01_11_07_24_56_451.jpg, /Users/patel/Downloads/major_proj/capture_img/IMG/right_2025_01_11_07_24_56_451.jpg, 0, 0, 0, 1.537344
/Users/patel/Downloads/major_proj/capture_img/IMG/center_2025_01_11_07_24_56_553.jpg, /Users/patel/Downloads/major_proj/capture_img/IMG/left_2025_01_11_07_24_56_553.jpg, /Users/patel/Downloads/major_proj/capture_img/IMG/right_2025_01_11_07_24_56_553.jpg, 0, 0, 0, 1.509704
/Users/patel/Downloads/major_proj/capture_img/IMG/center_2025_01_11_07_24_56_655.jpg, /Users/patel/Downloads/major_proj/capture_img/IMG/left_2025_01_11_07_24_56_655.jpg, /Users/patel/Downloads/major_proj/capture_img/IMG/right_2025_01_11_07_24_56_655.jpg, 0, 0, 0, 1.482403
/Users/patel/Downloads/major_proj/capture_img/IMG/center_2025_01_11_07_24_56_760.jpg, /Users/patel/Downloads/major_proj/capture_img/IMG/left_2025_01_11_07_24_56_760.jpg, /Users/patel/Downloads/major_proj/capture_img/IMG/right_2025_01_11_07_24_56_760.jpg, 0, 0, 0, 1.450087
/Users/patel/Downloads/major_proj/capture_img/IMG/center_2025_01_11_07_24_56_860.jpg, /Users/patel/Downloads/major_proj/capture_img/IMG/left_2025_01_11_07_24_56_860.jpg, /Users/patel/Downloads/major_proj/capture_img/IMG/right_2025_01_11_07_24_56_860.jpg, 0, 0, 0, 1.423524
/Users/patel/Downloads/major_proj/capture_img/IMG/center_2025_01_11_07_24_56_963.jpg, /Users/patel/Downloads/major_proj/capture_img/IMG/left_2025_01_11_07_24_56_963.jpg, /Users/patel/Downloads/major_proj/capture_img/IMG/right_2025_01_11_07_24_56_963.jpg, 0, 0, 0, 1.397289
/Users/patel/Downloads/major_proj/capture_img/IMG/center_2025_01_11_07_24_57_064.jpg, /Users/patel/Downloads/major_proj/capture_img/IMG/left_2025_01_11_07_24_57_064.jpg, /Users/patel/Downloads/major_proj/capture_img/IMG/right_2025_01_11_07_24_57_064.jpg, 0, 0, 0, 1.371378
/Users/patel/Downloads/major_proj/capture_img/IMG/center_2025_01_11_07_24_57_167.jpg, /Users/patel/Downloads/major_proj/capture_img/IMG/left_2025_01_11_07_24_57_167.jpg, /Users/patel/Downloads/major_proj/capture_img/IMG/right_2025_01_11_07_24_57_167.jpg, 0, 0, 0, 1.34579
/Users/patel/Downloads/major_proj/capture_img/IMG/center_2025_01_11_07_24_57_267.jpg, /Users/patel/Downloads/major_proj/capture_img/IMG/left_2025_01_11_07_24_57_267.jpg, /Users/patel/Downloads/major_proj/capture_img/IMG/right_2025_01_11_07_24_57_267.jpg, 0, 0.218433, 0, 1.431972
/Users/patel/Downloads/major_proj/capture_img/IMG/center_2025_01_11_07_24_57_369.jpg, /Users/patel/Downloads/major_proj/capture_img/IMG/left_2025_01_11_07_24_57_369.jpg, /Users/patel/Downloads/major_proj/capture_img/IMG/right_2025_01_11_07_24_57_369.jpg, 0, 0.5301121, 0, 1.921937
/Users/patel/Downloads/major_proj/capture_img/IMG/center_2025_01_11_07_24_57_469.jpg, /Users/patel/Downloads/major_proj/capture_img/IMG/left_2025_01_11_07_24_57_469.jpg, /Users/patel/Downloads/major_proj/capture_img/IMG/right_2025_01_11_07_24_57_469.jpg, 0, 0.8297882, 0, 2.735115
/Users/patel/Downloads/major_proj/capture_img/IMG/center_2025_01_11_07_24_57_573.jpg, /Users/patel/Downloads/major_proj/capture_img/IMG/left_2025_01_11_07_24_57_573.jpg, /Users/patel/Downloads/major_proj/capture_img/IMG/right_2025_01_11_07_24_57_573.jpg, 0, 1, 0, 3.849186
/Users/patel/Downloads/major_proj/capture_img/IMG/center_2025_01_11_07_24_57_675.jpg, /Users/patel/Downloads/major_proj/capture_img/IMG/left_2025_01_11_07_24_57_675.jpg, /Users/patel/Downloads/major_proj/capture_img/IMG/right_2025_01_11_07_24_57_675.jpg, 0, 1, 0, 5.006106
/Users/patel/Downloads/major_proj/capture_img/IMG/center_2025_01_11_07_24_57_778.jpg, /Users/patel/Downloads/major_proj/capture_img/IMG/left_2025_01_11_07_24_57_778.jpg, /Users/patel/Downloads/major_proj/capture_img/IMG/right_2025_01_11_07_24_57_778.jpg, 0, 1, 0, 6.378376
/Users/patel/Downloads/major_proj/capture_img/IMG/center_2025_01_11_07_24_57_881.jpg, /Users/patel/Downloads/major_proj/capture_img/IMG/left_2025_01_11_07_24_57_881.jpg, /Users/patel/Downloads/major_proj/capture_img/IMG/right_2025_01_11_07_24_57_881.jpg, 0, 1, 0, 7.509946
/Users/patel/Downloads/major_proj/capture_img/IMG/center_2025_01_11_07_24_57_985.jpg, /Users/patel/Downloads/major_proj/capture_img/IMG/left_2025_01_11_07_24_57_985.jpg, /Users/patel/Downloads/major_proj/capture_img/IMG/right_2025_01_11_07_24_57_985.jpg, 0, 1, 0, 8.630555
/Users/patel/Downloads/major_proj/capture_img/IMG/center_2025_01_11_07_24_58_088.jpg, /Users/patel/Downloads/major_proj/capture_img/IMG/left_2025_01_11_07_24_58_088.jpg, /Users/patel/Downloads/major_proj/capture_img/IMG/right_2025_01_11_07_24_58_088.jpg, 0, 1, 0, 9.733408
/Users/patel/Downloads/major_proj/capture_img/IMG/center_2025_01_11_07_24_58_192.jpg, /Users/patel/Downloads/major_proj/capture_img/IMG/left_2025_01_11_07_24_58_192.jpg, /Users/patel/Downloads/major_proj/capture_img/IMG/right_2025_01_11_07_24_58_192.jpg, -0.2841357, 1, 0, 10.8333
/Users/patel/Downloads/major_proj/capture_img/IMG/center_2025_01_11_07_24_58_296.jpg, /Users/patel/Downloads/major_proj/capture_img/IMG/left_2025_01_11_07_24_58_296.jpg, /Users/patel/Downloads/major_proj/capture_img/IMG/right_2025_01_11_07_24_58_296.jpg, -0.5790088, 1, 0, 11.97189
/Users/patel/Downloads/major_proj/capture_img/IMG/center_2025_01_11_07_24_58_396.jpg, /Users/patel/Downloads/major_proj/capture_img/IMG/left_2025_01_11_07_24_58_396.jpg, /Users/patel/Downloads/major_proj/capture_img/IMG/right_2025_01_11_07_24_58_396.jpg, -0.3632333, 1, 0, 12.73322
/Users/patel/Downloads/major_proj/capture_img/IMG/center_2025_01_11_07_24_58_496.jpg, /Users/patel/Downloads/major_proj/capture_img/IMG/left_2025_01_11_07_24_58_496.jpg, /Users/patel/Downloads/major_proj/capture_img/IMG/right_2025_01_11_07_24_58_496.jpg, -0.0626936, 1, 0, 13.95625
/Users/patel/Downloads/major_proj/capture_img/IMG/center_2025_01_11_07_24_58_599.jpg, /Users/patel/Downloads/major_proj/capture_img/IMG/left_2025_01_11_07_24_58_599.jpg, /Users/patel/Downloads/major_proj/capture_img/IMG/right_2025_01_11_07_24_58_599.jpg, 0, 1, 0, 15.41043
/Users/patel/Downloads/major_proj/capture_img/IMG/center_2025_01_11_07_24_58_702.jpg, /Users/patel/Downloads/major_proj/capture_img/IMG/left_2025_01_11_07_24_58_702.jpg, /Users/patel/Downloads/major_proj/capture_img/IMG/right_2025_01_11_07_24_58_702.jpg, 0, 1, 0, 16.24876
/Users/patel/Downloads/major_proj/capture_img/IMG/center_2025_01_11_07_24_58_806.jpg, /Users/patel/Downloads/major_proj/capture_img/IMG/left_2025_01_11_07_24_58_806.jpg, /Users/patel/Downloads/major_proj/capture_img/IMG/right_2025_01_11_07_24_58_806.jpg, 0, 1, 0, 17.4618
/Users/patel/Downloads/major_proj/capture_img/IMG/center_2025_01_11_07_24_58_906.jpg, /Users/patel/Downloads/major_proj/capture_img/IMG/left_2025_01_11_07_24_58_906.jpg, /Users/patel/Downloads/major_proj/capture_img/IMG/right_2025_01_11_07_24_58_906.jpg, 0, 1, 0, 18.57051
/Users/patel/Downloads/major_proj/capture_img/IMG/center_2025_01_11_07_24_59_009.jpg, /Users/patel/Downloads/major_proj/capture_img/IMG/left_2025_01_11_07_24_59_009.jpg, /Users/patel/Downloads/major_proj/capture_img/IMG/right_2025_01_11_07_24_59_009.jpg, 0, 1, 0, 19.58245
/Users/patel/Downloads/major_proj/capture_img/IMG/center_2025_01_11_07_24_59_110.jpg, /Users/patel/Downloads/major_proj/capture_img/IMG/left_2025_01_11_07_24_59_110.jpg, /Users/patel/Downloads/major_proj/capture_img/IMG/right_2025_01_11_07_24_59_110.jpg, 0, 1, 0, 20.63922
/Users/patel/Downloads/major_proj/capture_img/IMG/center_2025_01_11_07_24_59_210.jpg, /Users/patel/Downloads/major_proj/capture_img/IMG/left_2025_01_11_07_24_59_210.jpg, /Users/patel/Downloads/major_proj/capture_img/IMG/right_2025_01_11_07_24_59_210.jpg, 0, 1, 0, 21.65512
/Users/patel/Downloads/major_proj/capture_img/IMG/center_2025_01_11_07_24_59_313.jpg, /Users/patel/Downloads/major_proj/capture_img/IMG/left_2025_01_11_07_24_59_313.jpg, /Users/patel/Downloads/major_proj/capture_img/IMG/right_2025_01_11_07_24_59_313.jpg, 0, 0.865921, 0, 22.58491
/Users/patel/Downloads/major_proj/capture_img/IMG/center_2025_01_11_07_24_59_414.jpg, /Users/patel/Downloads/major_proj/capture_img/IMG/left_2025_01_11_07_24_59_414.jpg, /Users/patel/Downloads/major_proj/capture_img/IMG/right_2025_01_11_07_24_59_414.jpg, 0, 0.5647061, 0, 23.25002
/Users/patel/Downloads/major_proj/capture_img/IMG/center_2025_01_11_07_24_59_515.jpg, /Users/patel/Downloads/major_proj/capture_img/IMG/left_2025_01_11_07_24_59_515.jpg, /Users/patel/Downloads/major_proj/capture_img/IMG/right_2025_01_11_07_24_59_515.jpg, 0, 0.2637848, 0, 23.5075
/Users/patel/Downloads/major_proj/capture_img/IMG/center_2025_01_11_07_24_59_619.jpg, /Users/patel/Downloads/major_proj/capture_img/IMG/left_2025_01_11_07_24_59_619.jpg, /Users/patel/Downloads/major_proj/capture_img/IMG/right_2025_01_11_07_24_59_619.jpg, 0, 0, 0, 23.36891
/Users/patel/Downloads/major_proj/capture_img/IMG/center_2025_01_11_07_24_59_722.jpg, /Users/patel/Downloads/major_proj/capture_img/IMG/left_2025_01_11_07_24_59_722.jpg, /Users/patel/Downloads/major_proj/capture_img/IMG/right_2025_01_11_07_24_59_722.jpg, 0, 0, 0, 23.13816
/Users/patel/Downloads/major_proj/capture_img/IMG/center_2025_01_11_07_24_59_822.jpg, /Users/patel/Downloads/major_proj/capture_img/IMG/left_2025_01_11_07_24_59_822.jpg, /Users/patel/Downloads/major_proj/capture_img/IMG/right_2025_01_11_07_24_59_822.jpg, 0, 0, 0, 22.90527
/Users/patel/Downloads/major_proj/capture_img/IMG/center_2025_01_11_07_24_59_924.jpg, /Users/patel/Downloads/major_proj/capture_img/IMG/left_2025_01_11_07_24_59_924.jpg, /Users/patel/Downloads/major_proj/capture_img/IMG/right_2025_01_11_07_24_59_924.jpg, 0, 0, 0, 22.67623
/Users/patel/Downloads/major_proj/capture_img/IMG/center_2025_01_11_07_25_00_028.jpg, /Users/patel/Downloads/major_proj/capture_img/IMG/left_2025_01_11_07_25_00_028.jpg, /Users/patel/Downloads/major_proj/capture_img/IMG/right_2025_01_11_07_25_00_028.jpg, 0, 0, 0, 22.44892
/Users/patel/Downloads/major_proj/capture_img/IMG/center_2025_01_11_07_25_00_131.jpg, /Users/patel/Downloads/major_proj/capture_img/IMG/left_2025_01_11_07_25_00_131.jpg, /Users/patel/Downloads/major_proj/capture_img/IMG/right_2025_01_11_07_25_00_131.jpg, 0, 0, 0, 22.22414
/Users/patel/Downloads/major_proj/capture_img/IMG/center_2025_01_11_07_25_00_234.jpg, /Users/patel/Downloads/major_proj/capture_img/IMG/left_2025_01_11_07_25_00_234.jpg, /Users/patel/Downloads/major_proj/capture_img/IMG/right_2025_01_11_07_25_00_234.jpg, 0, 0, 0, 22.0015
/Users/patel/Downloads/major_proj/capture_img/IMG/center_2025_01_11_07_25_00_339.jpg, /Users/patel/Downloads/major_proj/capture_img/IMG/left_2025_01_11_07_25_00_339.jpg, /Users/patel/Downloads/major_proj/capture_img/IMG/right_2025_01_11_07_25_00_339.jpg, 0, 0, 0, 21.73735
/Users/patel/Downloads/major_proj/capture_img/IMG/center_2025_01_11_07_25_00_440.jpg, /Users/patel/Downloads/major_proj/capture_img/IMG/left_2025_01_11_07_25_00_440.jpg, /Users/patel/Downloads/major_proj/capture_img/IMG/right_2025_01_11_07_25_00_440.jpg, 0, 0, 0, 21.51966
/Users/patel/Downloads/major_proj/capture_img/IMG/center_2025_01_11_07_25_00_544.jpg, /Users/patel/Downloads/major_proj/capture_img/IMG/left_2025_01_11_07_25_00_544.jpg, /Users/patel/Downloads/major_proj/capture_img/IMG/right_2025_01_11_07_25_00_544.jpg, 0, 0, 0, 21.30413
